"long","lat","country"
1.5333,42.5,AD
54,24,AE
55.3087,25.2633,AE
54,24,AE
55.405,25.3569,AE
54.363,24.4638,AE
54,24,AE
55.7606,24.1917,AE
62.1997,34.3482,AF
-61.8,17.05,AG
20,41,AL
20,41,AL
19.8184,41.3253,AL
44.5099,40.1817,AM
44.5099,40.1817,AM
45,40,AM
18.5,-12.5,AO
13.2353,-8.8385,AO
-58.3845,-34.6021,AR
-58.3845,-34.6021,AR
-58.3817,-34.6033,AR
-58.483,-34.5243,AR
-63.0333,-32.5833,AR
-58.5333,-34.6,AR
-58.8333,-27.4667,AR
-64.264,-27.7841,AR
-60.6636,-32.9541,AR
-58.3817,-34.6033,AR
-58.3817,-34.6033,AR
-58.75,-32.4,AR
-61.1,-36.25,AR
-64.2167,-31.3667,AR
-58.9319,-34.4836,AR
-58.8458,-34.7817,AR
-65.2995,-24.1858,AR
-58.3225,-34.6813,AR
-58.3845,-34.6021,AR
-58.6243,-34.5708,AR
-58.5583,-34.5417,AR
-58.55,-34.5333,AR
-65.2154,-26.816,AR
-58.9208,-34.1769,AR
-58.8,-34.45,AR
-58.5333,-34.65,AR
-58.5172,-34.8381,AR
-58.6243,-34.5708,AR
-58.3129,-34.6947,AR
-65.2154,-26.816,AR
-58.4078,-34.7153,AR
-58.0972,-34.9761,AR
-58.4329,-32.3462,AR
-67.7,-53.7833,AR
-59.15,-37.3167,AR
-59.9082,-33.7451,AR
-60.6636,-32.9541,AR
-58.3822,-34.6506,AR
-58.8333,-27.4667,AR
-58.3817,-34.6033,AR
-58.3817,-34.6033,AR
-58.25,-37.8333,AR
-58.8333,-27.4667,AR
-58.2283,-32.4833,AR
-58.3225,-34.6813,AR
-59.65,-30.75,AR
-63.5333,-31.5833,AR
-60.1742,-35.4281,AR
-58.4,-34.8167,AR
-60.5167,-33.15,AR
-64.9333,-40.7333,AR
-58.3129,-34.6947,AR
-68.8288,-33.1561,AR
16.3667,48.2,AT
15.6167,47.2167,AT
16.3479,48.2994,AT
12.6364,47.3914,AT
16.1097,47.9457,AT
16.3191,48.1968,AT
16.0867,48.5456,AT
16.3667,48.2,AT
15.8167,48.5667,AT
15.2167,47.1,AT
12.0963,47.5174,AT
143.2104,-33.494,AU
151.0615,-33.7525,AU
151.1999,-33.806,AU
151.2002,-33.8591,AU
144.9972,-37.9086,AU
151.6938,-32.9657,AU
144.9644,-37.81,AU
151.181,-33.943,AU
150.8631,-33.9188,AU
143.2104,-33.494,AU
143.2104,-33.494,AU
151.1795,-33.8582,AU
153.0602,-27.4982,AU
151.6435,-32.7777,AU
153.0118,-27.2677,AU
144.9641,-37.7452,AU
143.2104,-33.494,AU
115.8621,-31.9674,AU
115.899,-31.8754,AU
151.0735,-33.9203,AU
115.8232,-31.8754,AU
138.6292,-34.9123,AU
145.0946,-37.8561,AU
145.0371,-37.8049,AU
153.4321,-28.0285,AU
138.6004,-35.0701,AU
149.1353,-35.2747,AU
145.0091,-37.784,AU
144.8865,-37.7523,AU
144.7641,-37.7922,AU
130.8418,-12.4611,AU
153.0378,-27.4727,AU
150.9965,-32.6967,AU
143.2104,-33.494,AU
116.0049,-31.9846,AU
144.9381,-37.8388,AU
144.9431,-37.763,AU
145.1847,-37.9095,AU
143.2104,-33.494,AU
145.0225,-37.8714,AU
151.2002,-33.8591,AU
47.5,40.5,AZ
49.8759,40.3909,AZ
49.8759,40.3909,AZ
47.5,40.5,AZ
18.3856,43.847,BA
18,44,BA
18,44,BA
17.8081,43.3433,BA
18.3856,43.847,BA
17.8081,43.3433,BA
-59.616,13.0961,BB
90.4048,23.7931,BD
90.4251,23.726,BD
90.4048,23.7931,BD
90.375,23.7,BD
90.375,23.7,BD
90.4276,23.7415,BD
90.4251,23.726,BD
90.4093,23.7272,BD
90.375,23.7,BD
90.4093,23.7272,BD
90.4103,23.8179,BD
90.4093,23.7272,BD
89.231,23.1783,BD
90.382,23.746,BD
90.375,23.7,BD
89.1665,25.0617,BD
90.4093,23.7272,BD
91.8365,22.3948,BD
90.4093,23.7272,BD
4.35,50.85,BE
5.4156,51.2104,BE
3.7805,50.7207,BE
3.9339,50.6763,BE
2.7513,51.1301,BE
4.3774,50.8694,BE
3.3271,50.9993,BE
3.1008,51.0656,BE
4.4707,51.1545,BE
5.1166,51.1919,BE
-3.4667,12.4667,BF
23.3333,42.7,BG
23.3175,42.683,BG
23.3333,42.7,BG
27.4333,43.1833,BG
26.3292,42.6858,BG
23.3333,42.7,BG
23.5625,43.21,BG
24.7167,42.8833,BG
27.4646,42.4963,BG
23.0333,42.6,BG
27.15,43.8167,BG
23.3333,42.7,BG
24.7518,42.1513,BG
23.0333,42.6,BG
27.4646,42.4963,BG
27.9124,43.2184,BG
24.6,42.0833,BG
24.0167,43.6833,BG
50.5779,26.241,BH
30.0972,-2.5847,BI
114.9359,4.8817,BN
114.3167,4.6167,BN
-65,-17,BO
-65,-17,BO
-65,-17,BO
-68.1493,-16.5002,BO
-67.15,-17.9833,BO
-65,-17,BO
-65,-17,BO
-63.1656,-17.8002,BO
-66.1518,-17.3822,BO
-65,-17,BO
-46.6322,-23.63,BR
-40.5048,-9.3904,BR
-53.3109,-26.6724,BR
-51.1566,-23.3003,BR
-43.2192,-22.8305,BR
-43.2192,-22.8305,BR
-43.3307,-22.9201,BR
-46.6409,-23.5747,BR
-35.2945,-8.1498,BR
-43.2192,-22.8305,BR
-51.1653,-30.1156,BR
-47.0679,-19.0131,BR
-38.5309,-3.7158,BR
-43.9625,-19.8975,BR
-47.3005,-23.1731,BR
-47.2757,-23.3004,BR
-38.5257,-3.7196,BR
-47.0674,-22.9095,BR
-43.2192,-22.8305,BR
-48.7459,-26.7558,BR
-46.5638,-23.6266,BR
-64.05,-8.9667,BR
-49.9952,-22.1871,BR
-49.2591,-16.6397,BR
-43.2192,-22.8305,BR
-43.2813,-22.8769,BR
-46.8309,-23.5149,BR
-47.0439,-22.8951,BR
-42.9206,-20.407,BR
-47.9414,-19.5483,BR
-56.0958,-15.597,BR
-63.9031,-8.7674,BR
-43.2192,-22.8305,BR
-46.589,-23.131,BR
-34.9156,-7.9227,BR
-54.6152,-20.4498,BR
-61.9667,-10.8333,BR
-46.7827,-23.6116,BR
-46.6811,-21.2918,BR
-49.2539,-16.6786,BR
-47.8747,-21.9065,BR
-50.953,-29.9091,BR
-35.2727,-8.3497,BR
-50.0127,-20.4801,BR
-48.9987,-26.2659,BR
-54.1132,-25.2484,BR
-49.0164,-16.2886,BR
-50.4167,-21.2,BR
-46.7887,-23.5217,BR
-51.0616,0.0352,BR
-47.3823,-22.6097,BR
-49.0365,-28.4926,BR
-51.1782,-29.172,BR
-35.0147,-8.1128,BR
-37.492,-7.5907,BR
-45.9705,-23.293,BR
-49.3872,-28.721,BR
-40.4311,-11.1479,BR
-48.6187,-26.9981,BR
-35.1691,-6.0624,BR
-43.2192,-22.8305,BR
-48.3348,-19.0233,BR
-60.0278,-3.1145,BR
-50.292,-20.2976,BR
-42.4446,-21.0783,BR
-47.9341,-15.7792,BR
-41.5027,-17.8657,BR
-48.3148,-20.8762,BR
-52.4149,-26.8667,BR
-49.1812,-16.4388,BR
-44.078,-19.8836,BR
-36.0818,-9.1325,BR
-47.0098,-22.25,BR
-46.9472,-23.6704,BR
-38.4858,-12.8665,BR
-38.2167,-12.4833,BR
-43.0324,-22.8193,BR
-43.2192,-22.8305,BR
-43.4742,-19.7061,BR
-50.6781,-26.8852,BR
-43.3827,-22.7096,BR
-44.1267,-15.1948,BR
-51.0958,-29.9218,BR
-38.6254,-12.7381,BR
-48.5579,-21.2501,BR
-39.5176,-6.1131,BR
-46.4445,-23.413,BR
-34.9503,-8.0102,BR
-44.2795,-19.4363,BR
-41.3304,-21.7523,BR
-37.1332,-8.741,BR
-38.515,-4.1146,BR
-52.15,-28.6667,BR
-43.2192,-22.8305,BR
-37.0478,-6.4471,BR
-62.2458,-1.7824,BR
-40.1469,-19.3577,BR
-49.2916,-25.5026,BR
-43.2192,-22.8305,BR
-40.7433,-5.2508,BR
-47.0092,-21.4438,BR
-47.0256,-24.2885,BR
-46.589,-23.131,BR
-43.2192,-22.8305,BR
-48.9039,-27.1134,BR
-44.6799,-19.5123,BR
-43.8417,-21.2503,BR
-50.7754,-29.3471,BR
-46.6322,-23.63,BR
-51.7915,-16.9599,BR
-45.9076,-22.2527,BR
-49.2916,-25.5026,BR
-43.0909,-22.8871,BR
-46.4445,-23.413,BR
-35.873,-7.2246,BR
-49.3794,-20.8197,BR
-43.2192,-22.8305,BR
-49.1364,-22.2635,BR
-42.6447,-21.5349,BR
-49.2591,-16.6397,BR
-47.3361,-20.5688,BR
-40.8657,-20.7476,BR
-43.2192,-22.8305,BR
-34.9738,-8.1457,BR
-50.5181,-25.444,BR
-48.9619,-21.1289,BR
-50.5581,-20.2888,BR
-54.717,-18.2126,BR
-47.9414,-19.5483,BR
-46.8445,-20.7857,BR
-47.9341,-15.7792,BR
-49.0976,-26.8768,BR
-46.6322,-23.63,BR
-53.7802,-3.6321,BR
-46.5638,-23.6266,BR
-43.1025,-22.922,BR
-43.2192,-22.8305,BR
-48.5019,-27.1788,BR
-43.4382,-21.749,BR
-42.0354,-12.1609,BR
-51.8388,-27.7968,BR
-46.6322,-23.63,BR
-43.6506,-19.8702,BR
-51.4585,-16.7285,BR
-40.4692,-20.3005,BR
-43.2192,-22.8305,BR
-37.2785,-5.1381,BR
-43.1025,-22.922,BR
-50.0127,-20.4801,BR
-46.6322,-23.63,BR
-46.4906,-24.0014,BR
-43.2192,-22.8305,BR
-37.6799,-10.8984,BR
-50.5415,-24.2244,BR
-46.6322,-23.63,BR
-48.8122,-25.1531,BR
-40.0837,-13.923,BR
-44.2963,-2.5325,BR
-48.8383,-23.947,BR
-49.107,-23.03,BR
-46.3999,-23.7041,BR
-46.35,-23.4833,BR
-45.0256,-18.2889,BR
-54.8047,-22.1437,BR
-46.6322,-23.63,BR
-34.866,-7.1703,BR
-46.6322,-23.63,BR
-55.9836,-4.2761,BR
-50.297,-17.7959,BR
-49.3538,-20.7748,BR
-45.9267,-23.0954,BR
-51.4595,-23.4473,BR
-53.0913,-25.7458,BR
-43.8909,-20.0696,BR
-43.2192,-22.8305,BR
-43.4318,-22.7568,BR
-49.2591,-16.6397,BR
-39.5651,-3.7334,BR
-38.0518,-7.8477,BR
-40.5276,-17.7836,BR
-52.2124,-3.2047,BR
-51.1744,-29.9228,BR
-43.3307,-22.9201,BR
-47.9341,-15.7792,BR
-51.0333,-30.0833,BR
-46.5032,-18.6105,BR
-42.8953,-20.7353,BR
-34.9306,-7.6017,BR
-51.1653,-30.1156,BR
-46.9774,-23.5582,BR
-47.7734,-22.7159,BR
-44.8597,-17.4196,BR
-43.2192,-22.8305,BR
-50.9084,-29.5964,BR
-40.1641,-13.5209,BR
-41.9656,-20.0023,BR
-44.3164,-20.0542,BR
-43.2192,-22.8305,BR
-47.0439,-22.8951,BR
-45.2356,-22.9043,BR
-42.3326,-22.8673,BR
-53.9224,-27.4308,BR
-41.9427,-20.2287,BR
-47.0092,-21.4438,BR
-49.9025,-23.4222,BR
-46.2705,-23.8566,BR
-39.3005,-12.0691,BR
-51.5167,-29.1667,BR
-47.1516,-18.4046,BR
-43.327,-22.7882,BR
-52.5532,-31.8432,BR
-47.7709,-23.659,BR
-49.8654,-16.5801,BR
-48.547,-22.4751,BR
-38.4858,-12.8665,BR
-49.2916,-25.5026,BR
-35.2564,-7.846,BR
-43.2192,-22.8305,BR
-47.0826,-21.814,BR
-43.2192,-22.8305,BR
-48.8215,-22.6726,BR
-43.2192,-22.8305,BR
-34.8714,-7.1194,BR
-52.9343,-26.2146,BR
-46.8309,-23.5149,BR
-48.2861,-15.7661,BR
-46.7887,-23.5217,BR
-50.292,-20.2976,BR
-41.1347,-20.3397,BR
-38.4294,-6.7185,BR
-43.4054,-21.0193,BR
-38.3273,-12.8425,BR
-49.1117,-27.2046,BR
-44.3164,-20.0542,BR
-34.9503,-8.0102,BR
-37.4972,-6.3258,BR
-50.2714,-26.1651,BR
-38.0148,-6.4135,BR
-47.293,-22.7115,BR
-44.353,-19.9598,BR
-49.2542,-13.3701,BR
-76,24.25,BS
-77.35,25.0833,BS
24,-22,BW
28,53,BY
28,53,BY
27.5667,53.9,BY
30.7591,52.4054,BY
27.5667,53.9,BY
28.7856,55.4879,BY
24.3564,52.2138,BY
28,53,BY
-88.75,17.25,BZ
-88.75,17.25,BZ
-79.3623,43.6547,CA
-73.5848,45.4995,CA
-97.1401,49.898,CA
-73.5794,45.5063,CA
-73.8736,45.3161,CA
-79.3716,43.6319,CA
-73.5794,45.5063,CA
-79.4816,43.7987,CA
-73.5794,45.5063,CA
-71.2453,46.7933,CA
-79.4002,43.6426,CA
-79.3716,43.6319,CA
-71.2453,46.7933,CA
-75.7518,45.2691,CA
-113.9726,50.9266,CA
-73.6667,45.5167,CA
-73.6389,45.5899,CA
-79.7036,43.2183,CA
-73.5703,45.4994,CA
-73.5501,45.4594,CA
-63.696,44.7764,CA
-123.5359,48.3829,CA
-79.4343,43.6653,CA
-73.6242,45.5365,CA
-73.5007,45.5379,CA
-73.5023,45.5183,CA
-79.3294,43.7522,CA
-111.4398,56.752,CA
-79.7036,43.2183,CA
-73.6326,45.4904,CA
-83.0276,42.2007,CA
-79.0167,48.25,CA
-114.2017,51.0927,CA
-79.3716,43.6319,CA
-73.5848,45.4995,CA
-79.3716,43.6319,CA
-123.1158,49.2866,CA
-79.3732,43.6836,CA
-79.442,43.8678,CA
-78.8771,43.8852,CA
-79.7564,43.4437,CA
-116.0333,50.5,CA
-63.7876,46.3959,CA
-73.761,45.5355,CA
-79.7271,43.7387,CA
-123.3026,48.4496,CA
-67.522,48.8286,CA
-119.4897,49.8956,CA
-79.4422,43.7489,CA
-79.3804,43.6667,CA
-79.3716,43.6319,CA
-73.2442,45.6037,CA
-79.6296,43.5752,CA
-79.3644,43.7124,CA
-79.3716,43.6319,CA
-79.7616,43.6885,CA
-79.3716,43.6319,CA
-79.3716,43.6319,CA
-75.7405,45.3867,CA
-120.5477,50.5583,CA
-113.6363,53.632,CA
-79.3716,43.6319,CA
-79.5964,43.7137,CA
-123.1976,49.2666,CA
-79.3716,43.6319,CA
-73.6091,45.5332,CA
-73.561,45.5892,CA
-100.0502,51.1494,CA
-79.188,43.8113,CA
-122.824,49.1049,CA
-79.5952,43.7779,CA
-73.5794,45.5063,CA
-73.5848,45.4995,CA
-73.6186,45.6128,CA
-79.4309,43.6922,CA
15.3,-4.3,CD
8.1551,47.1449,CH
8.5546,47.3664,CH
8.1551,47.1449,CH
7.9316,47.4979,CH
6.5881,46.5399,CH
8.9182,46.0289,CH
8.5174,47.1724,CH
8.1551,47.1449,CH
8.5295,47.1963,CH
8.9447,46.0192,CH
-5,8,CI
-5,8,CI
-4.0124,5.3072,CI
-70.7444,-34.1708,CL
-70.6503,-33.4378,CL
-70.6653,-33.4513,CL
-70.5333,-33.4833,CL
-73.0487,-36.8335,CL
-70.6503,-33.4378,CL
-70.6653,-33.4513,CL
-70.5167,-33.35,CL
-71.5984,-33.0447,CL
-70.6653,-33.4513,CL
-70.6503,-33.4378,CL
-71.5131,-31.9117,CL
-70.3333,-27.3667,CL
-73.0487,-36.8335,CL
-73.1167,-36.7167,CL
-71.5131,-31.9117,CL
-73.0487,-36.8335,CL
-72.35,-37.4667,CL
-70.6,-33.4,CL
-73.0833,-40.2833,CL
-71.2333,-34.9833,CL
-73.1667,-40.9167,CL
-70.6503,-33.4378,CL
-70.6653,-33.4513,CL
12,6,CM
12,6,CM
9.7,4.0503,CM
11.5167,3.8667,CM
12,6,CM
120.1619,30.294,CN
116.3883,39.9289,CN
118.7778,32.0617,CN
113.5325,34.6836,CN
116.3889,39.9288,CN
118.0819,24.4798,CN
113.7266,34.7725,CN
116.3889,39.9288,CN
113.1117,28.1783,CN
113.25,23.1167,CN
106.5531,29.5569,CN
121.4012,31.0449,CN
108.9294,34.2598,CN
114.2665,30.5856,CN
113.7266,34.7725,CN
114.2665,30.5856,CN
113.1117,28.1783,CN
120.1619,30.294,CN
114.1333,22.5333,CN
116.3883,39.9289,CN
118.7778,32.0617,CN
115.5525,29.8506,CN
108.3146,22.8137,CN
120.1619,30.294,CN
114.958,27.1177,CN
104.0667,30.6667,CN
116.3883,39.9289,CN
121.4012,31.0449,CN
116.3883,39.9289,CN
123.4312,41.7806,CN
117.1726,39.1423,CN
113.5325,34.6836,CN
113.25,23.1167,CN
113.7266,34.7725,CN
120.1619,30.294,CN
115.9333,28.55,CN
113.5325,34.6836,CN
104.0667,30.6667,CN
115.9333,28.55,CN
113.1117,28.1783,CN
120.3694,36.066,CN
118.0819,24.4798,CN
113.7266,34.7725,CN
115.9333,28.55,CN
106.2731,38.4681,CN
115.9333,28.55,CN
117.2865,31.8642,CN
126.65,45.75,CN
113.7266,34.7725,CN
122.1136,37.5091,CN
114.2665,30.5856,CN
108.9294,34.2598,CN
113.7266,34.7725,CN
113.7266,34.7725,CN
112.4708,37.7269,CN
108.9294,34.2598,CN
113.25,23.1167,CN
113.5325,34.6836,CN
113.25,23.1167,CN
113.5325,34.6836,CN
108.9294,34.2598,CN
117.1726,39.1423,CN
113.7266,34.7725,CN
113.7266,34.7725,CN
125.3228,43.88,CN
113.7266,34.7725,CN
113.7266,34.7725,CN
108.7026,34.3378,CN
102.313,24.2267,CN
120.3719,36.0986,CN
116.3883,39.9289,CN
110.3432,20.0486,CN
117.0104,36.6621,CN
113.7266,34.7725,CN
113.7266,34.7725,CN
118.7778,32.0617,CN
126.65,45.75,CN
113.7266,34.7725,CN
121.4331,28.6627,CN
120.1619,30.294,CN
87.6005,43.801,CN
113.5325,34.6836,CN
117.6583,31.8667,CN
121.4012,31.0449,CN
113.7266,34.7725,CN
113.7266,34.7725,CN
120.3719,36.0986,CN
113.7266,34.7725,CN
118.7778,32.0617,CN
120.1619,30.294,CN
121.6022,38.9122,CN
113.7266,34.7725,CN
117.1726,39.1423,CN
106.7167,26.5833,CN
113.7266,34.7725,CN
118.0819,24.4798,CN
120.3719,36.0986,CN
113.7266,34.7725,CN
120.3719,36.0986,CN
104.6481,30.1211,CN
113.25,23.1167,CN
113.7266,34.7725,CN
113.7266,34.7725,CN
120.3719,36.0986,CN
116.3889,39.9288,CN
120.5954,31.3041,CN
116.3889,39.9288,CN
121.4012,31.0449,CN
117.2865,31.8642,CN
107.5167,26.2667,CN
123.4312,41.7806,CN
116.6947,39.5097,CN
113.0697,23.0312,CN
113.0697,23.0312,CN
113.5325,34.6836,CN
117.8667,31.6,CN
116.9969,32.6264,CN
120.3719,36.0986,CN
104.0667,30.6667,CN
120.1619,30.294,CN
113.7266,34.7725,CN
122.99,41.1236,CN
109.8222,40.6522,CN
118.4917,37.4627,CN
113.5325,34.6836,CN
120.3719,36.0986,CN
113.7266,34.7725,CN
113.5325,34.6836,CN
112.4536,34.6836,CN
104.0667,30.6667,CN
113.7266,34.7725,CN
117.12,36.1853,CN
113.7266,34.7725,CN
108.1278,34.6778,CN
113.7266,34.7725,CN
118.0819,24.4798,CN
121.1494,30.05,CN
107.5167,26.2667,CN
113.7266,34.7725,CN
120.8747,32.0303,CN
126.65,45.75,CN
113.7266,34.7725,CN
102.7183,25.0389,CN
120.3095,32.8523,CN
126.65,45.75,CN
121.6022,38.9122,CN
113.5325,34.6836,CN
113.7266,34.7725,CN
118.7778,32.0617,CN
113.5325,34.6836,CN
113.1117,28.1783,CN
118.2881,25.1394,CN
106.2731,38.4681,CN
120.1619,30.294,CN
113.7266,34.7725,CN
101.7667,36.6167,CN
113.7266,34.7725,CN
113.7266,34.7725,CN
118.7778,32.0617,CN
113.7266,34.7725,CN
113.1117,28.1783,CN
113.7266,34.7725,CN
109.8222,40.6522,CN
117.2865,31.8642,CN
110.2864,25.2819,CN
113.7266,34.7725,CN
114.1333,22.5333,CN
113.25,23.1167,CN
108.3146,22.8137,CN
114.7014,37.3325,CN
126.65,45.75,CN
106.5531,29.5569,CN
125.3228,43.88,CN
121.4331,28.6627,CN
109.8222,40.6522,CN
113.25,23.1167,CN
114.2665,30.5856,CN
125.3228,43.88,CN
113.7266,34.7725,CN
87.6005,43.801,CN
121.4331,28.6627,CN
102.7183,25.0389,CN
113.7266,34.7725,CN
104.0667,30.6667,CN
118.7778,32.0617,CN
119.9103,28.4604,CN
120.1619,30.294,CN
126.65,45.75,CN
113.7266,34.7725,CN
113.0442,36.0458,CN
114.8731,39.0728,CN
120.8747,32.0303,CN
103.7922,36.0564,CN
120.2875,31.5707,CN
120.1619,30.294,CN
121.4012,31.0449,CN
116.3883,39.9289,CN
113.5325,34.6836,CN
113.7266,34.7725,CN
113.7266,34.7725,CN
120.1619,30.294,CN
113.7266,34.7725,CN
119.5883,39.9317,CN
106.7167,26.5833,CN
120.3719,36.0986,CN
120.3719,36.0986,CN
109.8222,40.6522,CN
125.3228,43.88,CN
115.9333,28.55,CN
113.7266,34.7725,CN
120.3719,36.0986,CN
120.1573,33.3575,CN
113.25,23.1167,CN
118.2978,32.3219,CN
112.7333,38.4092,CN
108.3146,22.8137,CN
113.7174,23.0308,CN
121.5495,29.8782,CN
113.5325,34.6836,CN
115.9333,28.55,CN
112.4708,37.7269,CN
118.25,36.3333,CN
114.1333,22.5333,CN
125.3228,43.88,CN
106.5531,29.5569,CN
120.6666,27.9983,CN
113.7266,34.7725,CN
119.4551,32.2109,CN
113.0697,23.0312,CN
109.8222,40.6522,CN
118.5741,24.8198,CN
117.2865,31.8642,CN
120.1619,30.294,CN
117.2865,31.8642,CN
102.313,24.2267,CN
117.2865,31.8642,CN
113.5325,34.6836,CN
126.65,45.75,CN
102.7183,25.0389,CN
126.65,45.75,CN
103.7639,29.5623,CN
111.6522,40.8106,CN
113.7266,34.7725,CN
113.7266,34.7725,CN
103.7922,36.0564,CN
114.4,23.0833,CN
121.4012,31.0449,CN
118.0819,24.4798,CN
114.1925,35.8992,CN
120.3719,36.0986,CN
109.9592,27.5494,CN
121.4,37.5333,CN
120.3719,36.0986,CN
123.4312,41.7806,CN
121.5495,29.8782,CN
120.3719,36.0986,CN
113.0697,23.0312,CN
118.7778,32.0617,CN
104.0667,30.6667,CN
113.7266,34.7725,CN
113.0833,22.5833,CN
113.25,23.1167,CN
113.7266,34.7725,CN
117.1571,34.1805,CN
108.6261,21.973,CN
113.25,23.1167,CN
114.1333,22.5333,CN
108.9294,34.2598,CN
117.2865,31.8642,CN
113.5325,34.6836,CN
109.8222,40.6522,CN
123.4312,41.7806,CN
125.3228,43.88,CN
114.6333,33.6333,CN
113.7266,34.7725,CN
113.25,23.1167,CN
106.2731,38.4681,CN
114.4186,34.7442,CN
113.7266,34.7725,CN
104.6481,30.1211,CN
113.152,27.7029,CN
120.75,30.7522,CN
121.4,37.5333,CN
113.7266,34.7725,CN
108.9294,34.2598,CN
123.4312,41.7806,CN
113.7266,34.7725,CN
114.1333,22.5333,CN
113.7266,34.7725,CN
106.7167,26.5833,CN
121.4,37.5333,CN
109.9592,27.5494,CN
120.1619,30.294,CN
113.7266,34.7725,CN
104.0667,30.6667,CN
120.3694,36.066,CN
114.4186,34.7442,CN
113.7266,34.7725,CN
108.3146,22.8137,CN
121.5276,31.2351,CN
113.7266,34.7725,CN
120.3719,36.0986,CN
120.3694,36.066,CN
113.7266,34.7725,CN
125.3228,43.88,CN
119.6442,29.1068,CN
113.25,23.1167,CN
118.4917,37.4627,CN
119.5784,31.9987,CN
110.3432,20.0486,CN
116.9969,32.6264,CN
102.7183,25.0389,CN
113.7266,34.7725,CN
120.0933,30.8703,CN
113.1117,28.1783,CN
112.4597,23.0512,CN
121.4012,31.0449,CN
104.0667,30.6667,CN
113.25,23.1167,CN
104.0667,30.6667,CN
126.65,45.75,CN
113.5325,34.6836,CN
106.7167,26.5833,CN
106.2731,38.4681,CN
111.9627,21.8556,CN
120.3719,36.0986,CN
106.7167,26.5833,CN
120.2875,31.5707,CN
113.7266,34.7725,CN
118.7778,32.0617,CN
113.7266,34.7725,CN
113.7266,34.7725,CN
113.7266,34.7725,CN
126.65,45.75,CN
113.7174,23.0308,CN
113.7266,34.7725,CN
118.7778,32.0617,CN
113.25,23.1167,CN
120.1619,30.294,CN
113.5325,34.6836,CN
117.0225,25.1072,CN
116.3889,39.9288,CN
104.0667,30.6667,CN
122.6667,41.25,CN
108.3146,22.8137,CN
119.4358,32.3972,CN
120.75,30.7522,CN
116.3889,39.9288,CN
113.1855,39.5591,CN
108.3146,22.8137,CN
123.4312,41.7806,CN
120.2875,31.5707,CN
118.7778,32.0617,CN
104.0667,30.6667,CN
113.25,23.1167,CN
113.7266,34.7725,CN
105,35,CN
120.3719,36.0986,CN
113.7266,34.7725,CN
115.9333,28.55,CN
117.0225,25.1072,CN
115.4903,38.8511,CN
113.7266,34.7725,CN
108.9294,34.2598,CN
120.1619,30.294,CN
104.0667,30.6667,CN
117.2865,31.8642,CN
121.6022,38.9122,CN
121.6022,38.9122,CN
110.8461,21.9392,CN
112.25,37.6667,CN
114.2665,30.5856,CN
117.6556,24.5133,CN
116.3889,39.9288,CN
123.4312,41.7806,CN
121.4012,31.0449,CN
123.765,41.2886,CN
121.5495,29.8782,CN
123.4312,41.7806,CN
87.6305,43.8073,CN
117.2865,31.8642,CN
121.4012,31.0449,CN
111.1814,34.7747,CN
113.5325,34.6836,CN
113.7266,34.7725,CN
119.4551,32.2109,CN
113.7266,34.7725,CN
106.6133,23.8997,CN
126.65,45.75,CN
113.5325,34.6836,CN
107.5167,26.2667,CN
106.2731,38.4681,CN
113.8535,27.6167,CN
112.25,37.6667,CN
106.5531,29.5569,CN
125.3228,43.88,CN
113.7266,34.7725,CN
114.2665,30.5856,CN
113.7266,34.7725,CN
118.5858,24.9139,CN
113.7266,34.7725,CN
113.1117,28.1783,CN
113.1111,29.1408,CN
113.5325,34.6836,CN
120.8747,32.0303,CN
112.4708,37.7269,CN
117.1726,39.1423,CN
112.2756,27.7286,CN
113.1117,28.1783,CN
113.5325,34.6836,CN
121.5495,29.8782,CN
91.1,29.65,CN
112.4708,37.7269,CN
113.7266,34.7725,CN
119.3061,26.0614,CN
114.1925,35.8992,CN
113.25,23.5,CN
121.4012,31.0449,CN
113.25,23.1167,CN
123.4312,41.7806,CN
114.4186,34.7442,CN
116.6947,39.5097,CN
113.5325,34.6836,CN
120.3719,36.0986,CN
110.3427,21.2815,CN
113.0833,22.5833,CN
113.25,23.1167,CN
120.3694,36.066,CN
118.7778,32.0617,CN
113.7266,34.7725,CN
118.7778,32.0617,CN
126.65,45.75,CN
120.3095,32.8523,CN
114.2665,30.5856,CN
120.1619,30.294,CN
118.5858,24.9139,CN
116.3889,39.9288,CN
113.5325,34.6836,CN
112.4536,34.6836,CN
114.2665,30.5856,CN
113.5325,34.6836,CN
113.7266,34.7725,CN
112.4708,37.7269,CN
111.9944,27.7344,CN
113.1117,28.1783,CN
111.6131,26.4239,CN
113.7266,34.7725,CN
114.0656,32.1228,CN
120.1619,30.294,CN
113.5325,34.6836,CN
112.4536,34.6836,CN
120.952,31.3835,CN
113.7266,34.7725,CN
113.2331,35.2397,CN
106.5531,29.5569,CN
111.2414,26.9659,CN
113.7266,34.7725,CN
120.1573,33.3575,CN
114.0656,32.1228,CN
115.6561,34.4143,CN
119.954,31.7736,CN
122.1136,37.5091,CN
119.954,31.7736,CN
113.7266,34.7725,CN
113.5325,34.6836,CN
114.2665,30.5856,CN
113.7266,34.7725,CN
113.7266,34.7725,CN
116.3889,39.9288,CN
119.954,31.7736,CN
113.5325,34.6836,CN
104.0667,30.6667,CN
118.0819,24.4798,CN
116.3889,39.9288,CN
118.0819,24.4798,CN
117.1726,39.1423,CN
117.2865,31.8642,CN
114.0656,32.1228,CN
123.4312,41.7806,CN
102.7183,25.0389,CN
113.7266,34.7725,CN
121.4012,31.0449,CN
113.5325,34.6836,CN
118.5101,31.6858,CN
114.1333,22.5333,CN
117.6186,26.2486,CN
113.5325,34.6836,CN
113.7266,34.7725,CN
120.0933,30.8703,CN
113.1341,23.0287,CN
121.4012,31.0449,CN
117.2865,31.8642,CN
108.3146,22.8137,CN
117.2865,31.8642,CN
113.7266,34.7725,CN
109.8222,40.6522,CN
109.8222,40.6522,CN
116.6379,23.6651,CN
120.5954,31.3041,CN
122.99,41.1236,CN
118.4983,24.9878,CN
113.7266,34.7725,CN
113.5325,34.6836,CN
112.615,26.8881,CN
108.3146,22.8137,CN
118.7778,32.0617,CN
124.3947,40.1292,CN
120.0933,30.8703,CN
120.1619,30.294,CN
116.3883,39.9289,CN
110.3432,20.0486,CN
117.2865,31.8642,CN
114.4,23.0833,CN
117.6583,31.8667,CN
118.9636,42.2683,CN
125.3228,43.88,CN
113.25,23.1167,CN
118.5858,24.9139,CN
113.7266,34.7725,CN
113.7266,34.7725,CN
114.0427,33.5639,CN
113.25,23.1167,CN
111.6131,26.4239,CN
119.9464,36.7844,CN
113.25,23.1167,CN
103.7922,36.0564,CN
106.7167,26.5833,CN
113.7266,34.7725,CN
117.2865,31.8642,CN
120.5954,31.3041,CN
106.5531,29.5569,CN
116.5814,35.405,CN
113.5325,34.6836,CN
113.8015,35.1903,CN
119.6866,27.9335,CN
112.4597,23.0512,CN
113.7266,34.7725,CN
113.0833,22.5833,CN
120.3719,36.0986,CN
113.5325,34.6836,CN
121.4012,31.0449,CN
110.3432,20.0486,CN
113.7266,34.7725,CN
109.1,21.4833,CN
113.7266,34.7725,CN
117.2865,31.8642,CN
111.5189,36.0889,CN
105.1907,37.5113,CN
113.5325,34.6836,CN
98.2977,39.7932,CN
113.7266,34.7725,CN
113.2331,35.2397,CN
117.2865,31.8642,CN
113.1341,23.0287,CN
104.0667,30.6667,CN
113.1117,28.1783,CN
117.1726,39.1423,CN
113.1117,28.1783,CN
114.1333,22.5333,CN
119.4551,32.2109,CN
109.657,19.2643,CN
111.1814,34.7747,CN
115.4903,38.8511,CN
104.0667,30.6667,CN
125.3228,43.88,CN
114.8731,39.0728,CN
125.3228,43.88,CN
118.0819,24.4798,CN
113.5683,22.2793,CN
120.7356,31.6459,CN
117.12,36.1853,CN
112.4708,37.7269,CN
120.0768,29.3151,CN
103.7639,29.5623,CN
120.5715,30.011,CN
113.5325,34.6836,CN
113.7266,34.7725,CN
118.7778,32.0617,CN
116.9969,32.6264,CN
114.1333,22.5333,CN
120.3719,36.0986,CN
120.3719,36.0986,CN
108.9294,34.2598,CN
120.3719,36.0986,CN
117.8167,30.9333,CN
113.7266,34.7725,CN
113.5325,34.6836,CN
121.4,37.5333,CN
120.5954,31.3041,CN
114.0656,32.1228,CN
113.7174,23.0308,CN
120.5715,30.011,CN
116.3883,39.9289,CN
91.1,29.65,CN
120.3719,36.0986,CN
116.3883,39.9289,CN
109.3892,24.3126,CN
113.7266,34.7725,CN
114.0427,33.5639,CN
117.2865,31.8642,CN
119.4418,32.7893,CN
112.4708,37.7269,CN
121.5495,29.8782,CN
113.5325,34.6836,CN
114.2665,30.5856,CN
116.3889,39.9288,CN
113.6667,34,CN
103.7833,25.4833,CN
113.7266,34.7725,CN
104.0667,30.6667,CN
123.4312,41.7806,CN
113.7266,34.7725,CN
114.4,23.0833,CN
120.1619,30.294,CN
113.7266,34.7725,CN
116.6379,23.6651,CN
108.9294,34.2598,CN
113.5325,34.6836,CN
107.3592,22.4117,CN
118.0167,37.3667,CN
114.6333,33.6333,CN
108.3146,22.8137,CN
113.5325,34.6836,CN
113.5325,34.6836,CN
118.8686,28.9594,CN
113.25,23.1167,CN
120.3719,36.0986,CN
113.7266,34.7725,CN
116.0922,23.4522,CN
113.5325,34.6836,CN
111.75,27.6667,CN
120.3719,36.0986,CN
117.3608,32.9408,CN
87.6005,43.801,CN
120.4586,41.5703,CN
117.2865,31.8642,CN
120.3719,36.0986,CN
118.5858,24.9139,CN
114.1925,35.8992,CN
113.7266,34.7725,CN
113.8015,35.1903,CN
112.5328,32.9947,CN
113.7266,34.7725,CN
113.25,23.1167,CN
122.1136,37.5091,CN
113.7266,34.7725,CN
113.7174,23.0308,CN
120.3719,36.0986,CN
107.359,34.3659,CN
118,26.25,CN
120.3694,36.066,CN
113.6667,34,CN
113.1117,28.1783,CN
119.5883,39.9317,CN
120.3719,36.0986,CN
119.1619,31.5609,CN
120.5715,30.011,CN
114.0656,32.1228,CN
113.7266,34.7725,CN
113.1117,28.1783,CN
120.1619,30.294,CN
117.2865,31.8642,CN
110.5723,21.3199,CN
114.8731,39.0728,CN
116.3889,39.9288,CN
106.5531,29.5569,CN
113.25,23.5,CN
121.4,37.5333,CN
118.5101,31.6858,CN
113.5325,34.6836,CN
114.0656,32.1228,CN
113.7266,34.7725,CN
118.4983,24.9878,CN
112.5328,32.9947,CN
120.1573,33.3575,CN
123.4312,41.7806,CN
114.6333,33.6333,CN
120.1619,30.294,CN
119.9081,32.4907,CN
112.4597,23.0512,CN
106.7167,26.5833,CN
120.5954,31.3041,CN
114.0656,32.1228,CN
113.1341,23.0287,CN
113.25,23.1167,CN
120.7356,31.6459,CN
112.4536,34.6836,CN
117.6556,24.5133,CN
121.5495,29.8782,CN
113.5325,34.6836,CN
112.4708,37.7269,CN
120.3719,36.0986,CN
108.3146,22.8137,CN
104.0667,30.6667,CN
119.954,31.7736,CN
110.15,22.6333,CN
121.4012,31.0449,CN
113.2331,35.2397,CN
113.1117,28.1783,CN
113.5325,34.6836,CN
119.1019,36.71,CN
119.3061,26.0614,CN
117.7519,35.9006,CN
124.3947,40.1292,CN
120.3719,36.0986,CN
115.4736,35.2393,CN
91.1,29.65,CN
104.0667,30.6667,CN
115.9333,28.55,CN
125.3228,43.88,CN
116.3889,39.9288,CN
113.7266,34.7725,CN
121.4012,31.0449,CN
118.7778,32.0617,CN
120.3719,36.0986,CN
116.3889,39.9288,CN
126.5603,43.8508,CN
113.7174,23.0308,CN
118.0633,36.7906,CN
121.6022,38.9122,CN
114.1925,35.8992,CN
114.0656,32.1228,CN
106.5531,29.5569,CN
118.3428,35.0631,CN
121.4,37.5333,CN
119.4551,32.2109,CN
112.5328,32.9947,CN
118.5671,31.1469,CN
113.5325,34.6836,CN
113.7266,34.7725,CN
115.4736,35.2393,CN
123.4312,41.7806,CN
118.2978,32.3219,CN
106.5531,29.5569,CN
120.1619,30.294,CN
115.9333,28.55,CN
111.6783,29.0464,CN
119.6442,29.1068,CN
115.9333,28.55,CN
118.7778,32.0617,CN
118.7778,32.0617,CN
120.1619,30.294,CN
112.5328,32.9947,CN
118.9636,42.2683,CN
-74.0758,4.5981,CO
-74.0758,4.5981,CO
-74.0758,4.5981,CO
-74.0758,4.5981,CO
-75.5646,6.2529,CO
-74.0617,4.6493,CO
-72.5078,7.8939,CO
-75.5646,6.2529,CO
-77.2811,1.2136,CO
-75.5172,10.3977,CO
-75.5646,6.2529,CO
-76.5232,3.4384,CO
-75.2833,10.4,CO
-74.0617,4.6493,CO
-74.0617,4.6493,CO
-73.8547,7.0653,CO
-73.2532,10.4631,CO
-74.0617,4.6493,CO
-74.0758,4.5981,CO
-75.2356,4.4392,CO
-74.0758,4.5981,CO
-74.0758,4.5981,CO
-73.1198,7.1254,CO
-75.558,6.3373,CO
-73.6266,4.142,CO
-76.3195,4.2122,CO
-74.0758,4.5981,CO
-74.2833,10.9833,CO
-76.5232,3.4384,CO
-74.1833,4.25,CO
-76.5232,3.4384,CO
-74.0617,4.6493,CO
-74.0617,4.6493,CO
-84.1171,9.9983,CR
-84.1171,9.9983,CR
-84.0833,9.9333,CR
-84.076,9.9634,CR
33,35,CY
33,35,CY
14.4667,50.0833,CZ
14.5148,50.0766,CZ
14.4479,50.0761,CZ
14.5148,50.0766,CZ
14.4112,50.0848,CZ
14.4821,50.1433,CZ
14.2833,50.1333,CZ
15.8442,50.2117,CZ
16.1833,50.4833,CZ
18.2696,49.8491,CZ
14.4112,50.0848,CZ
15.3,50.5167,CZ
16.6333,49.2,CZ
9.491,51.2993,DE
9.491,51.2993,DE
8.6843,50.1188,DE
9.491,51.2993,DE
11.1617,49.405,DE
9.491,51.2993,DE
9.491,51.2993,DE
9.491,51.2993,DE
7.0122,51.4476,DE
9.491,51.2993,DE
8.1337,50.1377,DE
11.585,48.1497,DE
9.491,51.2993,DE
9.491,51.2993,DE
9.491,51.2993,DE
9.491,51.2993,DE
7.0122,51.4476,DE
8.7537,50.1506,DE
9.4,48.9667,DE
9.491,51.2993,DE
7.4042,50.4311,DE
8.6833,50.1167,DE
9.491,51.2993,DE
11.6074,48.1089,DE
9.491,51.2993,DE
9.491,51.2993,DE
9.491,51.2993,DE
13.3118,52.4734,DE
6.6901,51.4499,DE
9.9792,52.3719,DE
9.1647,49.9648,DE
7.25,50.6,DE
8.7147,50.1103,DE
11.0098,49.5888,DE
9.491,51.2993,DE
9.5247,51.8959,DE
8.7463,53.0854,DE
9.491,51.2993,DE
7.9559,48.4651,DE
6.3833,51.25,DE
9.491,51.2993,DE
10.6333,53.75,DE
9.5542,52.2084,DE
9.491,51.2993,DE
7.8545,48.0098,DE
9.8027,51.9412,DE
7.0653,51.176,DE
10.1413,48.6785,DE
8.7513,50.8165,DE
6.4172,51.1604,DE
9.6984,53.5837,DE
8.6912,50.1544,DE
13.1516,52.4708,DE
8.5805,50.2107,DE
9.7896,53.4227,DE
11.7809,48.6418,DE
8.6843,50.1188,DE
12.0564,55.7123,DK
12.0564,55.7123,DK
12.0564,55.7123,DK
10.1128,56.1938,DK
9.5896,55.8471,DK
12.069,55.8396,DK
12.0564,55.7123,DK
12.0564,55.7123,DK
12.5589,55.6786,DK
9.9818,57.4667,DK
9.4748,55.493,DK
-61.4,15.3,DM
-70.4167,18.9333,DO
-70.8667,19.5667,DO
-70.6667,19,DO
-69.894,18.4657,DO
-70.4167,18.9333,DO
-69.894,18.4657,DO
-70.6667,19,DO
3.1468,36.7642,DZ
3.25,34.6667,DZ
3.1468,36.7642,DZ
-79.9011,-2.1664,EC
-77.5,-2,EC
-80.2827,-1.1528,EC
-77.5,-2,EC
-78.5017,-0.2143,EC
-78.4333,-0.1667,EC
-79.9011,-2.1664,EC
-78.7833,-2.9,EC
-77.5,-2,EC
-78.5017,-0.2143,EC
-77.5,-2,EC
-77.5,-2,EC
26,59,EE
24.5136,58.3747,EE
31.2852,30.0778,EG
31.223,30.0355,EG
31.223,30.0355,EG
31.223,30.0355,EG
31.2194,30.008,EG
31.223,30.0355,EG
31.2852,30.0778,EG
29.9529,31.2162,EG
31.502,30.5877,EG
29.9529,31.2162,EG
31.0019,30.7885,EG
32.2841,31.2565,EG
31.2852,30.0778,EG
31.0019,30.7885,EG
31.223,30.0355,EG
31.2194,30.008,EG
31.5021,26.7693,EG
31.223,30.0355,EG
31.223,30.0355,EG
31.1786,30.4591,EG
31.2852,30.0778,EG
31.502,30.5877,EG
31.2592,29.9596,EG
31.2007,30.3539,EG
31.2852,30.0778,EG
31.3844,31.0371,EG
31.3779,31.0539,EG
31.3844,31.0371,EG
31.2852,30.0778,EG
-3.684,40.4172,ES
-3.684,40.4172,ES
-4.3683,37.3269,ES
-3.7016,40.4143,ES
-5.9789,37.3834,ES
-3.7016,40.4143,ES
-5.1459,36.4276,ES
2.1611,41.3891,ES
2.8456,41.6999,ES
-3.7016,40.4143,ES
-4.012,40.2891,ES
-0.7011,38.2622,ES
2.1611,41.3891,ES
-4.0434,43.4334,ES
-3.6839,40.4171,ES
-5.5629,43.2454,ES
-4.0226,39.8581,ES
-3.6839,40.4171,ES
-0.8515,40.4371,ES
-3.7016,40.4143,ES
-5.4505,36.1333,ES
-3.5278,40.5035,ES
-3.7016,40.4143,ES
-0.7677,38.3848,ES
-0.8773,41.6561,ES
2.1408,41.4911,ES
-1.6999,38.23,ES
-7.7115,42.2361,ES
-3.7016,40.4143,ES
-3.684,40.4172,ES
-2.1546,38.207,ES
-3.684,40.4172,ES
-3.7016,40.4143,ES
-0.7916,38.4778,ES
-8.7643,42.5963,ES
-0.7011,38.2622,ES
-7.9505,42.1838,ES
-8.6444,42.431,ES
-3.684,40.4172,ES
1.6167,41.3833,ES
-4.7727,37.8916,ES
-1.1147,38.6137,ES
-3.684,40.4172,ES
-7.4,43.5167,ES
2.1611,41.3891,ES
-3.4546,40.5429,ES
-1.701,38.5106,ES
-5.6615,43.5357,ES
1.6167,41.3167,ES
-6.3318,40.3035,ES
-4.7237,41.6552,ES
1.0167,41.1667,ES
-1.1686,37.968,ES
-3.684,40.4172,ES
-4.7727,37.8916,ES
-1.6412,42.8141,ES
-6.9706,38.8779,ES
-3.7016,40.4143,ES
-5.1075,37.2377,ES
-0.4815,38.3452,ES
-3.8737,40.4929,ES
38,8,ET
24.9375,60.1708,FI
24.9726,60.21,FI
22.2769,60.4447,FI
25.6407,65.1503,FI
2.3387,48.8582,FR
2.3387,48.8582,FR
2.3281,48.8607,FR
2.3387,48.8582,FR
2.3527,48.8543,FR
2.6667,50.4833,FR
2.3387,48.8582,FR
7.7493,48.6075,FR
2.3387,48.8582,FR
-0.5806,44.3239,FR
2.5484,48.831,FR
1.0936,49.4631,FR
2.4405,48.6328,FR
5.9333,49.25,FR
6.1267,45.9062,FR
1.9076,47.9047,FR
2.3387,48.8582,FR
5.9265,45.5646,FR
-0.3591,49.1859,FR
1.6638,50.238,FR
5.0139,47.3167,FR
-3.3425,47.8088,FR
3.0619,50.6321,FR
5.2905,46.1705,FR
6.4667,43.5333,FR
2.3387,48.8582,FR
2.3387,48.8582,FR
2.3387,48.8582,FR
4.4102,46.9036,FR
2.3387,48.8582,FR
7.6877,48.5808,FR
3.2368,47.9417,FR
3.0619,50.6321,FR
2.5791,48.8982,FR
-1.9464,47.8095,FR
1.0993,49.4431,FR
7.0721,47.8441,FR
4.0354,49.2536,FR
2.3281,48.478,FR
6.7614,47.573,FR
2.3387,48.8582,FR
3.8809,43.6107,FR
2.2513,48.9484,FR
2.3387,48.8582,FR
3.9459,49.3285,FR
-1.8667,46.6333,FR
-0.6658,51.5353,GB
-0.1224,51.4964,GB
-0.093,51.5164,GB
-0.1224,51.4964,GB
-0.1224,51.4964,GB
-0.1224,51.4964,GB
-0.1567,51.5245,GB
-0.02,51.5064,GB
0.1256,52.1929,GB
-2.5339,51.329,GB
-3.1167,53.4,GB
-0.1224,51.4964,GB
-0.1224,51.4964,GB
-0.1224,51.4964,GB
-0.1224,51.4964,GB
-0.1224,51.4964,GB
0.7832,51.571,GB
-0.1224,51.4964,GB
0.2196,51.8653,GB
-1.7873,50.8443,GB
-2.1331,53.0806,GB
-3.2546,55.9632,GB
-0.1235,51.5788,GB
-0.937,50.8478,GB
-1.7194,51.5892,GB
-0.06,51.529,GB
-1.1804,52.6181,GB
-1.4833,53.55,GB
-3.1808,51.4827,GB
-3.3581,51.554,GB
1.7117,52.502,GB
-0.0253,51.4088,GB
-4.2138,55.8289,GB
-0.4023,51.3682,GB
-0.1224,51.4964,GB
-0.154,52.0387,GB
0.8941,51.8694,GB
-0.1224,51.4964,GB
-2.6117,53.5332,GB
-1.4796,52.3958,GB
-1.1046,53.5336,GB
-2.3,53.6,GB
-5.3028,50.1983,GB
-0.126,51.5088,GB
0.8833,51.1333,GB
0.2329,51.5946,GB
-0.1224,51.4964,GB
-0.1224,51.4964,GB
-0.1224,51.4964,GB
-0.0928,51.4743,GB
0.151,51.7672,GB
-0.1998,51.5047,GB
-1.5107,53.7995,GB
-3.4253,51.6008,GB
-0.1224,51.4964,GB
-4.1825,55.8473,GB
-2.2106,51.4255,GB
-1.9017,52.5158,GB
-1.1063,53.9006,GB
-0.3297,51.4454,GB
-0.5653,51.7604,GB
-3.1188,53.3626,GB
-0.1224,51.4964,GB
-1.8502,53.6242,GB
-1.4667,51.8667,GB
-0.3719,50.8253,GB
-2.8734,55.5364,GB
-1.2113,53.1659,GB
-5.9679,54.6815,GB
-0.1224,51.4964,GB
-2.9167,53.2,GB
-0.6877,51.5034,GB
-0.4113,51.33,GB
-0.6658,51.5353,GB
0.1787,51.4519,GB
-0.1232,51.5466,GB
-2.854,53.454,GB
-0.2167,51.55,GB
-0.15,51.35,GB
-0.1224,51.4964,GB
44.832,41.6959,GE
43.5,42,GE
44.832,41.6959,GE
-52.3367,4.9317,GF
-0.2174,5.5502,GH
-2,8,GH
-2,8,GH
-5.35,36.1333,GI
-10,11,GN
23.7353,37.9842,GR
25.6097,35.2539,GR
23.7167,37.9667,GR
23.7353,37.9842,GR
22.9455,40.6381,GR
20.9853,39.1606,GR
22.0078,37.0511,GR
22.9455,40.6381,GR
23.7167,37.9667,GR
23.7353,37.9842,GR
24.7239,40.77,GR
22.9455,40.6381,GR
22.9455,40.6381,GR
-90.5277,14.6313,GT
-90.25,15.5,GT
-91.4086,15.0436,GT
-90.25,15.5,GT
114.1667,22.25,HK
114.15,22.2909,HK
114.1667,22.25,HK
114.1667,22.25,HK
114.1667,22.25,HK
114.1667,22.25,HK
114.1667,22.25,HK
114.1833,22.3833,HK
114.25,22.1667,HK
114.1837,22.3137,HK
114.15,22.2909,HK
114.2667,22.3833,HK
114.1333,22.35,HK
114.15,22.2909,HK
114.1667,22.25,HK
114.1837,22.3137,HK
113.95,22.3,HK
114.1833,22.3833,HK
114.2333,22.4,HK
114.1667,22.25,HK
114.15,22.2909,HK
114.1585,22.283,HK
114.1667,22.3167,HK
114.15,22.2909,HK
114.15,22.2909,HK
114.25,22.3333,HK
113.9833,22.4,HK
114.15,22.2909,HK
114.1667,22.25,HK
114.15,22.2909,HK
114.1,22.35,HK
114.15,22.2909,HK
114.1333,22.5,HK
114.1667,22.25,HK
114.15,22.2909,HK
114.1667,22.25,HK
114.15,22.2909,HK
114.1837,22.3137,HK
114.2078,22.3266,HK
-88.0338,15.4967,HN
-86.5833,14.0333,HN
-87.95,15.6167,HN
-86.5,15,HN
15.5,45.1667,HR
14.4424,45.3267,HR
15.9793,45.8293,HR
16.4339,46.3844,HR
13.8958,44.8239,HR
18.3265,45.3474,HR
18.4589,45.5928,HR
16.4392,43.5089,HR
15.5,45.1667,HR
14.4424,45.3267,HR
-72.4167,19,HT
19.0404,47.4984,HU
16.5905,47.685,HU
19.0514,47.4925,HU
18.6481,47.7415,HU
20.2,47.1833,HU
21.7167,47.9554,HU
20.6667,46.5667,HU
106.8296,-6.1741,ID
106.8286,-6.175,ID
106.8296,-6.1741,ID
112.7419,-7.2484,ID
106.8286,-6.175,ID
106.6284,-6.177,ID
107.6071,-6.9217,ID
106.8296,-6.1741,ID
104,1.2,ID
106.8223,-6.1818,ID
106.8296,-6.1741,ID
98.6629,3.5847,ID
110.3646,-7.8035,ID
114.5889,-3.3236,ID
109.325,-0.0319,ID
106.8286,-6.175,ID
115.2124,-8.6507,ID
106.8223,-6.1818,ID
119.437,-5.152,ID
106.8296,-6.1741,ID
106.8296,-6.1741,ID
104.747,-2.9702,ID
100.503,1.0109,ID
114.5889,-3.3236,ID
106.8286,-6.175,ID
107.6071,-6.9217,ID
106.8286,-6.175,ID
115.223,-8.4203,ID
106.8296,-6.1741,ID
101.4432,1.6671,ID
106.8286,-6.175,ID
106.8223,-6.1818,ID
106.8286,-6.175,ID
106.8286,-6.175,ID
110.3556,-7.7156,ID
106.8286,-6.175,ID
111.709,-8.0475,ID
100.375,-0.9417,ID
107.6071,-6.9217,ID
124.8489,1.4822,ID
111.0222,-7.4264,ID
120.0297,-4.1279,ID
106.8286,-6.175,ID
106.8286,-6.175,ID
106.8286,-6.175,ID
112.6304,-7.9797,ID
106.8286,-6.175,ID
111.5239,-7.6298,ID
106.9922,-6.2352,ID
128.1833,-3.6958,ID
104.747,-2.9702,ID
106.8286,-6.175,ID
106.8286,-6.175,ID
110.8317,-7.5561,ID
112.7419,-7.2484,ID
106.6284,-6.177,ID
106.8286,-6.175,ID
106.8286,-6.175,ID
112.2333,-7.55,ID
124.8489,1.4822,ID
106.6284,-6.177,ID
106.8286,-6.175,ID
106.8296,-6.1741,ID
100.503,1.0109,ID
115.1282,-8.5384,ID
111.9025,-8.0657,ID
110.4215,-6.9932,ID
106.8286,-6.175,ID
110.6722,-6.6107,ID
106.8286,-6.175,ID
132.2981,-2.9248,ID
106.8296,-6.1741,ID
106.8286,-6.175,ID
106.9922,-6.2352,ID
106.8286,-6.175,ID
111.462,-7.8685,ID
106.0542,-6.0144,ID
-6.2488,53.3338,IE
-9.0497,53.2709,IE
-8.6269,52.6655,IE
-7.1119,52.2583,IE
34.75,31.5,IL
34.75,31.5,IL
34.9821,32.816,IL
34.7647,32.0678,IL
34.9821,32.816,IL
34.75,31.5,IL
34.8122,32.0821,IL
34.8747,32.0603,IL
34.75,31.5,IL
34.9856,31.9339,IL
34.804,31.9632,IL
34.7647,32.0678,IL
34.6497,31.7921,IL
34.9821,32.816,IL
35.2287,31.7808,IL
34.6809,31.7444,IL
34.8596,32.3348,IL
34.6497,31.7921,IL
34.8943,31.9522,IL
34.75,31.5,IL
34.8033,31.9264,IL
34.75,31.5,IL
34.7647,32.0678,IL
34.7066,31.7874,IL
34.75,31.5,IL
77.5937,12.9719,IN
76.9661,11.0055,IN
72.8826,19.0728,IN
78.4574,17.3846,IN
80.2785,13.0878,IN
73.8554,18.5196,IN
77,20,IN
77,20,IN
77,20,IN
77,20,IN
88.363,22.5626,IN
77.2245,28.6358,IN
77,20,IN
73.0158,19.0368,IN
77,20,IN
88.2717,24.1839,IN
77.2372,28.6504,IN
77,20,IN
83.2016,17.6801,IN
77.2245,28.6358,IN
72.8302,21.1959,IN
78.4574,17.3846,IN
77,20,IN
77.0263,28.4601,IN
79.6002,17.9784,IN
77.2245,28.6358,IN
77,20,IN
76.7833,9.2667,IN
73.8331,15.6444,IN
75.5811,31.3247,IN
77,20,IN
74.856,12.9172,IN
72.5873,23.0258,IN
77,20,IN
77,20,IN
80.4573,16.2997,IN
80.6466,16.5074,IN
75.8333,22.7179,IN
72.8826,19.0728,IN
93.9442,24.8081,IN
77,20,IN
77,20,IN
77.5937,12.9719,IN
80.3498,26.4652,IN
77.33,28.58,IN
77,20,IN
77.0263,28.4601,IN
77.2245,28.6358,IN
77,20,IN
80.2785,13.0878,IN
77,20,IN
85.8338,20.2724,IN
76.6537,10.7732,IN
75.8538,30.912,IN
77,20,IN
77.2372,28.6504,IN
75.7804,11.248,IN
80.6466,16.5074,IN
77,20,IN
75.7154,16.8244,IN
88.4833,22.9833,IN
80.4573,16.2997,IN
74.8753,31.6223,IN
70.7932,22.2916,IN
77.2245,28.6358,IN
74.8691,32.7357,IN
77,20,IN
76.7884,30.7363,IN
77,20,IN
77,20,IN
80.6642,16.5203,IN
85.8793,20.465,IN
79.8542,11.0276,IN
78.4574,17.3846,IN
73.8554,18.5196,IN
77,20,IN
77,20,IN
74.7384,19.0946,IN
78.4574,17.3846,IN
77,20,IN
72.9635,19.197,IN
72.8826,19.0728,IN
76.2157,10.516,IN
77,20,IN
72.8826,19.0728,IN
76.2157,10.516,IN
77,20,IN
74.8753,31.6223,IN
88.363,22.5626,IN
73.103,19.024,IN
78.4574,17.3846,IN
77.0194,28.9948,IN
76.3922,30.3362,IN
93.9442,24.8081,IN
72.6833,23.2167,IN
77.2245,28.6358,IN
80.2785,13.0878,IN
77.5937,12.9719,IN
80.6466,16.5074,IN
77,20,IN
77,20,IN
76.6393,12.2979,IN
72.7126,19.9678,IN
80.2785,13.0878,IN
77.4391,28.6654,IN
77,20,IN
77,20,IN
77.4029,23.2547,IN
72.8826,19.0728,IN
77,20,IN
80.2785,13.0878,IN
73.0158,19.0368,IN
80.3498,26.4652,IN
77,20,IN
73.791,19.9973,IN
79.1322,18.4367,IN
80.9231,26.8393,IN
77,20,IN
76.9492,8.4855,IN
80.2785,13.0878,IN
76.2904,9.9671,IN
77,20,IN
74.0833,15.3333,IN
77.2372,28.6504,IN
72.99,21.6324,IN
76.2157,10.516,IN
77.3132,28.4112,IN
73.8037,18.6187,IN
85.8793,20.465,IN
77.6722,27.5035,IN
77,20,IN
72.9052,20.3708,IN
79.8298,11.9338,IN
77,20,IN
75.566,21.0029,IN
85.1356,25.5941,IN
77,20,IN
77,20,IN
77.4777,10.0112,IN
80.6466,16.5074,IN
81.1044,16.7131,IN
79.5286,29.2225,IN
77,20,IN
75.7804,11.248,IN
74.4189,14.4285,IN
73.8554,18.5196,IN
80.9231,26.8393,IN
83.2016,17.6801,IN
81.8432,25.4448,IN
88.363,22.5626,IN
76.9661,11.0055,IN
72.9552,22.5525,IN
76.3358,26.89,IN
77,20,IN
74.9672,28.3041,IN
77.5937,12.9719,IN
76.3922,30.3362,IN
80.2785,13.0878,IN
75.6529,32.2748,IN
76.2708,10.7618,IN
78.4574,17.3846,IN
77.3132,28.4112,IN
77.33,28.58,IN
76.9661,11.0055,IN
77,20,IN
79.408,17.3172,IN
74.8691,32.7357,IN
77.0263,28.4601,IN
77.3132,28.4112,IN
77.2245,28.6358,IN
75.8333,22.7179,IN
83.657,22.9773,IN
77.2245,28.6358,IN
77.7064,28.98,IN
78.1195,9.919,IN
76.5213,9.5869,IN
75.566,21.0029,IN
80.2785,13.0878,IN
77,20,IN
72.8826,19.0728,IN
79.4199,13.6355,IN
75.7804,11.248,IN
78.1195,9.919,IN
85.1356,25.5941,IN
77.6722,27.5035,IN
88.2516,24.1047,IN
75.7804,11.248,IN
77,20,IN
93.6952,27.1047,IN
80.2095,29.5835,IN
79.0849,21.1463,IN
80.6466,16.5074,IN
77.2372,28.6504,IN
77.0263,28.4601,IN
74.9389,30.2075,IN
73.8554,18.5196,IN
72.1533,21.7629,IN
88.4285,26.71,IN
77.5937,12.9719,IN
93.9442,24.8081,IN
77,20,IN
73.2081,22.2994,IN
84.7471,25.7803,IN
77,20,IN
88.363,22.5626,IN
76.7221,30.68,IN
78.5102,17.4187,IN
76.2602,9.9399,IN
77.2372,28.6504,IN
76.5847,8.8811,IN
77.7033,29.4709,IN
76.5928,30.4786,IN
77,20,IN
79.987,14.4499,IN
77.2245,28.6358,IN
76.2602,9.9399,IN
77,20,IN
77,20,IN
78.4574,17.3846,IN
77.2245,28.6358,IN
77,20,IN
77.8944,11.3802,IN
75.6646,20.5022,IN
80.4573,16.2997,IN
72.8826,19.0728,IN
77,20,IN
87.7489,21.7798,IN
77,20,IN
82.1554,22.08,IN
79.9945,14.9163,IN
80.9231,26.8393,IN
76.2904,9.9671,IN
77,20,IN
76.9682,29.3875,IN
77.33,28.58,IN
73.8554,18.5196,IN
79.4924,11.9398,IN
77.7274,11.3428,IN
77.1087,30.9091,IN
76.9682,29.3875,IN
73.791,19.9973,IN
77,20,IN
75.14,27.6121,IN
75.3576,11.8675,IN
76.2904,9.9671,IN
75.3423,19.8776,IN
85.8793,20.465,IN
74.6387,26.4521,IN
77.7308,30.5472,IN
76.9661,11.0055,IN
79.0849,21.1463,IN
77.4029,23.2547,IN
75.8333,22.7179,IN
77,20,IN
77.0263,28.4601,IN
85.8338,20.2724,IN
77,20,IN
80.2785,13.0878,IN
72.8826,19.0728,IN
77.3132,28.4112,IN
80.2785,13.0878,IN
78.5102,17.4187,IN
88.363,22.5626,IN
80.267,13.0899,IN
78.1495,22.9531,IN
76.7221,30.68,IN
77.7274,11.3428,IN
78.4574,17.3846,IN
75.1063,12.3081,IN
77,20,IN
73.8225,15.5017,IN
77,20,IN
80.4573,16.2997,IN
75.3576,11.8675,IN
76.9661,11.0055,IN
76.9661,11.0055,IN
76.9806,29.6161,IN
77,20,IN
73.7135,24.5858,IN
77,20,IN
72.8324,20.4143,IN
78.4574,17.3846,IN
72.8826,19.0728,IN
74.6387,26.4521,IN
82.6947,27.3305,IN
77.2245,28.6358,IN
75.6035,28.3672,IN
73.7135,24.5858,IN
74.8753,31.6223,IN
79.3791,10.3406,IN
72.9635,19.197,IN
75.5793,11.7409,IN
75.7739,31.2245,IN
88.3186,22.5769,IN
75.7878,26.9196,IN
85.8793,20.465,IN
81.6333,21.2333,IN
77,20,IN
73.0059,26.2684,IN
77,20,IN
77,20,IN
78.081,10.9577,IN
73.2081,22.2994,IN
77.2372,28.6504,IN
76.9682,29.3875,IN
76.5892,28.8945,IN
81.8432,25.4448,IN
80.2785,13.0878,IN
77,20,IN
73.1355,19.2437,IN
77,20,IN
76.7221,30.68,IN
81.1044,16.7131,IN
75.7878,26.9196,IN
77,20,IN
72.8324,20.4143,IN
75.8333,22.7179,IN
74.8753,31.6223,IN
77,20,IN
72.5873,23.0258,IN
77,20,IN
79.6914,11.3993,IN
74.9389,30.2075,IN
73.3102,16.9915,IN
79.987,14.4499,IN
80.4573,16.2997,IN
74.8055,34.0857,IN
79.987,14.4499,IN
77,20,IN
77,20,IN
75.7878,26.9196,IN
78.4574,17.3846,IN
77,20,IN
71.75,23,IN
44.0119,36.1833,IQ
44.8824,36.2551,IQ
44,33,IQ
51.4231,35.6961,IR
51.3304,35.7261,IR
51.4231,35.6961,IR
51.6776,32.6572,IR
51.4231,35.6961,IR
49.5832,37.2808,IR
51.4231,35.6961,IR
52.5388,29.6036,IR
-18,65,IS
11.3394,46.4887,IT
12.5124,41.8904,IT
9.1109,45.431,IT
12.1097,43.1479,IT
9.1889,45.4707,IT
12.1097,43.1479,IT
14.5098,40.7161,IT
9.0872,45.8087,IT
15.8079,40.6418,IT
14.2685,40.8526,IT
8.8973,45.7525,IT
11.2829,45.5475,IT
12.1097,43.1479,IT
8.4199,45.3216,IT
11.3387,44.4938,IT
14.2685,40.8526,IT
14.2743,37.5655,IT
12.1097,43.1479,IT
12.2454,45.4917,IT
14.5182,37.2372,IT
17.1164,40.5862,IT
12.1097,43.1479,IT
8.2821,44.1492,IT
12.5947,42.2977,IT
14.2759,40.9414,IT
17.2462,40.4621,IT
12.4734,41.9036,IT
12.7668,42.0691,IT
11.1127,43.77,IT
16.7565,40.5769,IT
12.739,42.7407,IT
12.1097,43.1479,IT
9.1889,45.4707,IT
13.9667,42.5833,IT
12.2239,45.4511,IT
8.5555,40.7259,IT
12.1097,43.1479,IT
12.0719,45.5533,IT
15.0701,37.4925,IT
7.8513,44.6978,IT
12.1097,43.1479,IT
13.5333,41.2833,IT
7.6877,45.0725,IT
8.35,44.7667,IT
7.7772,43.8173,IT
7.5674,45.0787,IT
8.5555,40.7259,IT
16.3398,39.6555,IT
10.3184,46.1217,IT
14.8328,37.6636,IT
11.2875,45.3612,IT
12.1097,43.1479,IT
11.3387,44.4938,IT
9.278,45.53,IT
11.2494,43.7785,IT
18.338,40.2725,IT
14.6674,41.5595,IT
8.9988,39.2912,IT
12.1097,43.1479,IT
8.9488,45.62,IT
9.2011,45.4681,IT
13.3341,38.129,IT
11.5636,45.6657,IT
13.6616,43.433,IT
11.1149,46.0694,IT
7.6568,44.6481,IT
12.2454,45.4917,IT
7.8762,45.4672,IT
13.0731,43.7672,IT
10.2191,45.5337,IT
15.3365,40.8586,IT
11.8783,43.4631,IT
13.3341,38.129,IT
10.8118,45.5725,IT
9.0268,45.5013,IT
15.1834,40.8808,IT
12.5124,41.8904,IT
14.2685,40.8526,IT
15.0629,37.5608,IT
10.2191,45.5337,IT
14.2652,40.9096,IT
14.7597,36.8587,IT
9.8417,45.6941,IT
10.4421,44.0583,IT
14.7531,38.0262,IT
7.6502,45.3934,IT
11.7266,43.3321,IT
9.3814,45.5494,IT
13.2364,46.0674,IT
12.1097,43.1479,IT
14.3323,41.0726,IT
10.9859,45.4317,IT
9.2177,45.5585,IT
12.0933,44.3394,IT
10.4426,45.5894,IT
15.0798,40.4243,IT
-77.9157,18.4688,JM
-77.9157,18.4688,JM
36.088,32.0727,JO
36,31,JO
36,31,JO
139.69,35.69,JP
139.69,35.69,JP
135.5167,34.6833,JP
139.69,35.69,JP
139.69,35.69,JP
139.7532,35.6882,JP
139.69,35.69,JP
139.69,35.69,JP
139.7436,35.5822,JP
135.5167,34.6833,JP
139.69,35.69,JP
139.69,35.69,JP
139.7036,35.6938,JP
139.69,35.69,JP
130.4802,32.1769,JP
139.69,35.69,JP
139.0833,36.4,JP
136.9333,35.1833,JP
133.6869,34.5798,JP
130.9019,33.8472,JP
139.69,35.69,JP
130.5527,33.3208,JP
139.7087,35.6929,JP
130.9027,33.8779,JP
135.3368,34.374,JP
139.634,35.4972,JP
135.366,34.41,JP
137.3833,34.7833,JP
136.7833,35.4333,JP
138.4218,36.3472,JP
134.8516,34.3237,JP
135.4934,34.4745,JP
139.69,35.69,JP
139.69,35.69,JP
136.8667,34.8333,JP
136.9076,35.1778,JP
139.69,35.69,JP
130.3247,33.587,JP
139.6119,36.8235,JP
127.7586,26.3652,JP
139.69,35.69,JP
139.9841,35.9882,JP
139.7118,35.5666,JP
139.6859,35.6773,JP
139.7329,35.7143,JP
135.8403,34.9857,JP
139.69,35.69,JP
137.15,34.9167,JP
135.5214,34.7459,JP
139.69,35.69,JP
139.5378,35.7247,JP
131.3626,31.9637,JP
139.69,35.69,JP
139.6364,35.6995,JP
137.1878,35.1638,JP
139.6389,35.6253,JP
135.5159,34.702,JP
139.69,35.69,JP
135.2355,34.7345,JP
135.9489,35.0046,JP
133.9098,34.3661,JP
141.35,43.0667,JP
130.4283,33.5556,JP
139.69,35.69,JP
139.7532,35.6882,JP
139.4684,35.3571,JP
139.8522,35.8477,JP
139.598,35.6885,JP
139.8986,35.8401,JP
139.69,35.69,JP
134.7857,34.7752,JP
136.5142,34.724,JP
139.8496,35.7411,JP
139.69,35.69,JP
139.0797,36.4222,JP
132.4667,34.4333,JP
139.5346,35.3454,JP
137.15,34.9167,JP
136.3808,34.6161,JP
139.7087,35.6929,JP
139.69,35.69,JP
130.8583,33.8731,JP
139.2,36.3167,JP
137.1197,35.0388,JP
139.69,35.69,JP
143.2044,42.9172,JP
137.0667,35.1,JP
136.8,35.3,JP
139.69,35.69,JP
135.4959,34.7831,JP
139.768,35.698,JP
135.262,34.8332,JP
139.7071,35.6688,JP
140.7497,41.8289,JP
140.1782,35.5553,JP
139.69,35.69,JP
135.5833,34.6667,JP
135.2339,34.759,JP
139.69,35.69,JP
132.2298,34.1742,JP
130.4748,33.61,JP
139.69,35.69,JP
138.3833,34.9833,JP
139.8425,35.7077,JP
139.7087,35.6929,JP
139.69,35.69,JP
139.7532,35.6882,JP
136.7833,35.6409,JP
140.0473,35.2576,JP
139.69,35.69,JP
38,1,KE
38,1,KE
36.8155,-1.2841,KE
38,1,KE
75,41,KG
74.5939,42.869,KG
72.21,41.3458,KG
105,13,KH
105,13,KH
105,13,KH
105,13,KH
104.9121,11.5583,KH
104.9121,11.5583,KH
104.9121,11.5583,KH
103.9966,11.8551,KH
-62.75,17.3667,KN
126.9741,37.5112,KR
126.9741,37.5112,KR
126.9741,37.5112,KR
126.9741,37.5112,KR
126.9741,37.5112,KR
126.9741,37.5112,KR
128.8398,35.268,KR
126.9783,37.5985,KR
126.9783,37.5985,KR
126.9741,37.5112,KR
128.3333,35.8723,KR
126.9741,37.5112,KR
126.8783,37.1825,KR
129.2117,35.8428,KR
126.9113,37.5198,KR
126.9515,37.5006,KR
126.5436,33.4562,KR
127.0621,37.4954,KR
128.0742,36.0609,KR
126.7288,37.4562,KR
126.9741,37.5112,KR
126.9741,37.5112,KR
127.201,37.2336,KR
126.9741,37.5112,KR
126.9741,37.5112,KR
127.4706,36.6349,KR
126.9741,37.5112,KR
128.5924,35.8723,KR
126.9741,37.5112,KR
126.9741,37.5112,KR
127.0115,37.603,KR
126.9741,37.5112,KR
126.9222,37.3424,KR
127.201,37.2336,KR
126.8479,37.5177,KR
126.9167,37.3907,KR
126.9741,37.5112,KR
127.1396,37.4388,KR
126.9741,37.5112,KR
126.8502,37.4945,KR
126.9741,37.5112,KR
126.9741,37.5112,KR
126.9741,37.5112,KR
129.0442,35.1003,KR
127.1453,35.8217,KR
126.9783,37.5985,KR
126.9741,37.5112,KR
127.2183,37.6367,KR
126.7288,37.4562,KR
126.9741,37.5112,KR
127.1523,36.8063,KR
126.9793,37.5729,KR
126.9741,37.5112,KR
126.9741,37.5112,KR
126.9741,37.5112,KR
126.9741,37.5112,KR
127.0042,36.7836,KR
126.9741,37.5112,KR
126.9741,37.5112,KR
126.9741,37.5112,KR
126.9741,37.5112,KR
126.9741,37.5112,KR
126.9741,37.5112,KR
126.9741,37.5112,KR
126.3918,34.8128,KR
127.4197,36.3214,KR
126.9741,37.5112,KR
129.0442,35.1003,KR
127.1453,35.8217,KR
126.9783,37.5985,KR
126.9741,37.5112,KR
126.8237,37.3244,KR
126.9741,37.5112,KR
126.7288,37.4562,KR
126.9741,37.5112,KR
127.2056,37.54,KR
126.9156,35.1496,KR
127.0621,37.4954,KR
126.9741,37.5112,KR
126.9783,37.5985,KR
126.9741,37.5112,KR
126.4404,34.9564,KR
126.9741,37.5112,KR
126.9741,37.5112,KR
127.4197,36.3214,KR
126.6667,36.9167,KR
126.9741,37.5112,KR
126.9741,37.5112,KR
127.09,36.9982,KR
126.9783,37.5985,KR
126.9741,37.5112,KR
127.0115,37.603,KR
129.0442,35.1003,KR
127.201,37.2336,KR
129.0442,35.1003,KR
126.7288,37.4562,KR
126.9156,35.1496,KR
126.9741,37.5112,KR
126.9741,37.5112,KR
127.9894,38.1058,KR
126.9783,37.5985,KR
127.2944,36.6112,KR
126.9741,37.5112,KR
126.9741,37.5112,KR
127.2183,37.6367,KR
126.7288,37.4562,KR
126.9741,37.5112,KR
126.9741,37.5112,KR
126.9741,37.5112,KR
126.9741,37.5112,KR
126.9783,37.5985,KR
129.3173,35.5335,KR
128.0847,35.1928,KR
128.8398,35.268,KR
126.5628,33.2486,KR
126.8996,37.461,KR
126.9741,37.5112,KR
128.6531,35.2716,KR
126.835,37.6564,KR
126.9741,37.5112,KR
126.9741,37.5112,KR
126.8237,37.3244,KR
126.9741,37.5112,KR
126.9741,37.5112,KR
126.9741,37.5112,KR
128.5924,35.8723,KR
126.9741,37.5112,KR
126.9741,37.5112,KR
126.7288,37.4562,KR
126.9741,37.5112,KR
126.9783,37.5985,KR
126.9741,37.5112,KR
129.3173,35.5335,KR
126.9741,37.5112,KR
129.0442,35.1003,KR
128.3544,36.2101,KR
128.3544,36.2101,KR
126.9741,37.5112,KR
126.9741,37.5112,KR
126.9544,35.9439,KR
126.9741,37.5112,KR
126.9222,37.3424,KR
126.9741,37.5112,KR
126.7288,37.4562,KR
126.9515,37.5006,KR
126.858,36.2626,KR
127.5333,35.6667,KR
127.1333,37.5833,KR
126.7195,37.6175,KR
127.0252,37.8122,KR
126.2839,36.7004,KR
128.0554,37.5264,KR
126.9741,37.5112,KR
128.3891,34.8038,KR
126.9741,37.5112,KR
129.3648,36.0292,KR
127.0621,37.4954,KR
128.6263,34.8659,KR
129.3173,35.5335,KR
126.9741,37.5112,KR
126.9783,37.5985,KR
127.0621,37.4954,KR
126.9783,37.5985,KR
129.0442,35.1003,KR
128.3891,34.8038,KR
126.9783,37.5985,KR
129.0442,35.1003,KR
126.8081,35.1616,KR
126.9093,37.5544,KR
127.1396,37.4388,KR
126.9113,37.5198,KR
126.9741,37.5112,KR
126.9793,37.5729,KR
126.9741,37.5112,KR
127.1107,37.4094,KR
127.0042,36.7836,KR
129.3173,35.5335,KR
126.9783,37.5985,KR
129.0442,35.1003,KR
126.835,37.6564,KR
127.4197,36.3214,KR
126.8237,37.3244,KR
128.6531,35.2716,KR
127.0847,36.2039,KR
128.5924,35.8723,KR
126.9741,37.5112,KR
126.9222,37.3424,KR
126.9783,37.5985,KR
127.1396,37.4388,KR
126.9741,37.5112,KR
126.9741,37.5112,KR
127.0202,37.6349,KR
126.9741,37.5112,KR
126.9783,37.5985,KR
127.2944,36.6112,KR
126.9783,37.5985,KR
126.9783,37.5985,KR
127.0541,37.5819,KR
126.9278,37.6185,KR
126.9783,37.5985,KR
126.9783,37.5985,KR
126.3918,34.8128,KR
126.7114,35.9786,KR
127.4197,36.3214,KR
127.0252,37.8122,KR
126.9741,37.5112,KR
126.9741,37.5112,KR
126.9741,37.5112,KR
126.9167,37.3907,KR
127.6339,37.2958,KR
129.0537,37.5095,KR
127.0837,37.5391,KR
127.0099,37.2859,KR
127.0099,37.2859,KR
126.9741,37.5112,KR
127.2056,37.54,KR
126.9741,37.5112,KR
126.7827,37.4988,KR
128.1384,35.5741,KR
127.1396,37.4388,KR
127.4706,36.6349,KR
126.9741,37.5112,KR
126.9741,37.5112,KR
126.5436,33.4562,KR
128.5924,35.8723,KR
126.9783,37.5985,KR
126.6263,36.5671,KR
126.9839,35.3189,KR
127.0246,37.5478,KR
127.4878,34.9505,KR
126.9783,37.5985,KR
126.9741,37.5112,KR
126.9892,37.4289,KR
126.9741,37.5112,KR
126.7114,35.9786,KR
129.2139,35.2442,KR
128.1606,36.4153,KR
126.9113,37.5198,KR
126.9741,37.5112,KR
127.5715,37.519,KR
127.0675,37.155,KR
126.7114,35.9786,KR
126.9783,37.5985,KR
126.9741,37.5112,KR
127.0399,37.5521,KR
126.9741,37.5112,KR
128.25,35.25,KR
126.7114,35.9786,KR
128.4551,36.6574,KR
127.1396,37.4388,KR
127.6339,37.2958,KR
126.9156,35.1496,KR
126.9741,37.5112,KR
127.9287,36.9767,KR
126.7698,37.7602,KR
127.4197,36.3214,KR
126.9741,37.5112,KR
126.9741,37.5112,KR
126.9741,37.5112,KR
128.6531,35.2716,KR
126.7846,37.3919,KR
126.9741,37.5112,KR
126.7827,37.4988,KR
126.9741,37.5112,KR
126.9515,37.5006,KR
126.9741,37.5112,KR
126.9741,37.5112,KR
127.1247,36.4556,KR
126.3918,34.8128,KR
126.9167,37.3907,KR
126.8592,37.4979,KR
126.9741,37.5112,KR
128.3891,34.8038,KR
127.0202,37.6349,KR
127.0077,37.6433,KR
126.8872,37.5153,KR
126.9783,37.5985,KR
126.9741,37.5112,KR
127.1992,37.8944,KR
127.2183,37.6367,KR
128.0193,35.0465,KR
126.9351,37.5781,KR
127.1453,35.8217,KR
126.9741,37.5112,KR
127.76,37.0633,KR
126.9783,37.5985,KR
127.4878,34.9505,KR
127.327,36.3668,KR
126.9741,37.5112,KR
127.1453,35.8217,KR
126.7827,37.4988,KR
126.9741,37.5112,KR
126.9783,37.5985,KR
47.9828,29.3659,KW
47.6581,29.3375,KW
47.973,29.3714,KW
76.9293,43.2638,KZ
71.4357,51.1879,KZ
68,48,KZ
63.6246,53.2144,KZ
68,48,KZ
68,48,KZ
57.1814,50.2981,KZ
78.3739,45.0156,KZ
68,48,KZ
69.6,42.3,KZ
71.3667,42.9,KZ
68,48,KZ
71.446,51.1801,KZ
68,48,KZ
51.8833,47.1167,KZ
68,48,KZ
68,48,KZ
73.0969,49.8119,KZ
68,48,KZ
105,18,LA
105,18,LA
102.6,17.9667,LA
35.8333,33.8333,LB
79.8482,6.9317,LK
79.8611,6.8753,LK
-9.5,6.5,LR
-10.8047,6.3106,LR
24,56,LT
25.3225,54.6816,LT
23.9002,54.9002,LT
23.3167,55.9333,LT
5.9784,49.4986,LU
6.1428,49.5839,LU
24.0978,56.9496,LV
23.2786,56.625,LV
25,57,LV
27.1667,55.9,LV
23.7516,56.956,LV
23.7516,56.956,LV
17,25,LY
20.0667,32.1167,LY
-7.6184,33.5922,MA
-8.0101,31.6298,MA
-5,32,MA
-7.3944,33.7066,MA
-5.8176,35.7808,MA
-5.5396,33.8916,MA
-5,32,MA
-6.5802,34.261,MA
-5,32,MA
7.4167,43.7333,MC
29.6433,46.8403,MD
28.8573,47.0052,MD
28.8573,47.0052,MD
28.8128,47.0188,MD
28.8573,47.0052,MD
28.7842,46.52,MD
28.8128,47.0188,MD
28.8573,47.0052,MD
19,42,ME
47,-20,MG
22,41.8333,MK
22,41.8333,MK
20.9714,42.0106,MK
21.4313,41.9985,MK
21.3403,41.0311,MK
-4,17,ML
98,22,MM
105,46,MN
105,46,MN
105,46,MN
105,46,MN
113.55,22.2,MO
113.55,22.2,MO
113.55,22.15,MO
145.7545,15.2123,MP
-61.0727,14.6085,MQ
14.4828,35.8925,MT
14.5833,35.8333,MT
14.4828,35.8925,MT
57.55,-20.2833,MU
57.55,-20.2833,MU
73.5,4.1667,MV
73.5107,4.1772,MV
73,5.6667,MV
34,-13.5,MW
-106.2495,29.0399,MX
-99.2431,19.3201,MX
-99.0111,19.4371,MX
-107.2667,24.6515,MX
-99.0111,19.4371,MX
-94.506,18.1384,MX
-109.8653,22.9058,MX
-99.1438,19.4357,MX
-106.5642,31.4496,MX
-99.0111,19.4371,MX
-89.6395,20.984,MX
-100.9554,22.1837,MX
-107.3714,24.3406,MX
-99.0606,19.6049,MX
-99.0111,19.4371,MX
-99.1611,19.3806,MX
-99.0111,19.4371,MX
-100.3185,25.6751,MX
-100.311,25.6449,MX
-107.3714,24.3406,MX
-98.2259,19.0548,MX
-99.0111,19.4371,MX
-100.3185,25.6751,MX
-100.4176,25.7901,MX
-102.2848,21.8669,MX
-99.5397,18.3441,MX
-103.4861,25.6894,MX
-99.1799,19.4841,MX
-89.8755,21.0172,MX
-100.3928,25.6353,MX
-103.4174,20.554,MX
-102.6258,20.8711,MX
-99.0111,19.4371,MX
-99.0111,19.4371,MX
-89.6395,20.984,MX
-95.2222,18.4673,MX
-111.0024,31.1988,MX
-98.2035,19.0379,MX
-99.1634,19.4181,MX
-99.1773,19.6715,MX
-103.3358,20.676,MX
-93.1646,16.7523,MX
-99.9595,23.6345,MX
-115.3657,32.619,MX
-99.0111,19.4371,MX
-99.5859,18.976,MX
-103.4115,20.6291,MX
-99.0111,19.4371,MX
-99.014,20.0017,MX
-99.0111,19.4371,MX
-99.0111,19.4371,MX
-99.1608,19.2829,MX
-100.2814,25.7615,MX
-99.2031,19.3593,MX
-99.0494,19.4204,MX
-99.1438,19.4357,MX
-99.0111,19.4371,MX
-99.1881,19.4002,MX
-103.3499,20.6355,MX
-100.4065,25.6604,MX
-96.7486,17.019,MX
-99.2125,19.532,MX
-106.1146,28.7757,MX
-99.0111,19.4371,MX
-100.9852,22.1432,MX
-103.3499,20.6355,MX
-99.0111,19.4371,MX
-99.1795,19.4121,MX
-99.2216,20.0596,MX
-107.2541,24.6306,MX
-100.4087,25.8236,MX
-99.1682,19.4625,MX
-100.4065,25.6604,MX
-93.2189,16.7764,MX
-99.1743,19.3831,MX
-99.1621,19.2951,MX
-100.3748,25.6446,MX
-100.3766,25.6837,MX
-100.4165,20.6589,MX
-115.4545,32.6278,MX
-96.8883,19.5439,MX
-106.3594,31.6627,MX
-101.1526,20.1197,MX
-111.4736,29.0236,MX
-107.3564,24.5584,MX
-99.1928,19.4043,MX
-109.0372,25.883,MX
-99.0111,19.4371,MX
-100.4096,25.7505,MX
-99.1799,19.4841,MX
-101.0218,25.3544,MX
-100.311,25.6449,MX
-100.6433,23.6482,MX
-100.3766,25.6837,MX
-103.9232,23.6219,MX
-100.378,25.7087,MX
-97.9013,22.2786,MX
-99.2033,19.4234,MX
-101.1251,25.0291,MX
-98.1788,19.017,MX
-96.7486,17.019,MX
-100.3031,25.6875,MX
-100.3321,25.7334,MX
-100.348,25.6571,MX
-99.1438,19.4357,MX
-96.2215,19.1857,MX
-101.3683,20.6999,MX
-103.4942,20.7949,MX
-95.5151,18.6261,MX
-116.6007,31.8715,MX
-99.1969,19.5115,MX
-101.1727,19.6922,MX
-99.1729,19.3928,MX
-99.2769,19.3437,MX
-99.0236,19.3898,MX
-99.0111,19.4371,MX
-99.903,16.8724,MX
-99.1504,19.3267,MX
-100.3179,25.797,MX
-99.014,19.6815,MX
-98.9427,19.3308,MX
-99.0111,19.4371,MX
-100.3025,25.755,MX
-106.2738,28.8481,MX
-98.2235,19.3261,MX
-100.3585,25.7862,MX
-99.2069,20.5319,MX
-93.8361,18.0172,MX
-99.1553,19.4364,MX
-99.1557,20.4135,MX
-100.3928,25.6353,MX
-99.1547,19.4026,MX
-99.2105,19.4583,MX
-106.4348,31.6625,MX
-99.5321,19.2676,MX
-99.0111,19.4371,MX
-98.1755,19.0087,MX
-92.945,17.9987,MX
-101.2448,21.0135,MX
-103.4942,20.7949,MX
-99.1626,19.4058,MX
-99.1992,19.4333,MX
-100.2837,25.7216,MX
-100.3208,25.5595,MX
-100.348,25.6571,MX
-103.4553,20.6955,MX
-100.1908,25.815,MX
-99.0986,19.4552,MX
-97.8843,22.3331,MX
-99.3766,20.0642,MX
-99.2378,19.5079,MX
-99.0111,19.4371,MX
-99.0111,19.4371,MX
-93.1373,16.7394,MX
-98.9472,19.4162,MX
-100.2565,25.6768,MX
-96.7226,17.0665,MX
-99.1795,19.4121,MX
-109.9408,27.4864,MX
-99.1839,19.373,MX
-98.8607,19.7087,MX
-103.3499,20.6355,MX
-99.1438,19.4357,MX
-98.817,19.6721,MX
-100.2057,25.6726,MX
-102.1057,19.4437,MX
-100.3755,20.6483,MX
-100.5011,25.7642,MX
-97.098,18.8508,MX
-100.1892,25.8248,MX
-106.2325,29.0004,MX
-100.2822,25.7501,MX
-115.4611,32.65,MX
-99.1568,19.34,MX
-91.7746,18.6533,MX
-99.1478,19.4129,MX
-100.2822,25.7501,MX
-100.9627,22.1419,MX
-100.3766,25.6837,MX
-99.761,16.8062,MX
-98.3967,19.1718,MX
-99.1622,19.3663,MX
-100.378,25.7087,MX
-102.3081,20.0378,MX
102.7335,2.0051,MY
101.466,3.0641,MY
112.5,2.5,MY
112.5,2.5,MY
101.7121,3.1962,MY
101.5538,3.11,MY
103.7096,1.551,MY
101.6079,3.1065,MY
101.7424,3.1177,MY
103.7096,1.551,MY
112.5,2.5,MY
101.7719,3.0081,MY
101.6796,3.0947,MY
103.5011,1.7259,MY
101.6675,3.1336,MY
100.3989,6.0276,MY
101.0194,4.1739,MY
101.9402,2.7724,MY
102.2842,2.3013,MY
101.4514,3.0492,MY
103.7578,1.4655,MY
112.5,2.5,MY
110.2251,1.5831,MY
101.5976,3.1621,MY
101.5169,3.0544,MY
117.8994,4.2901,MY
101.8334,2.8093,MY
101.6803,3.2251,MY
101.6746,3.1189,MY
101.6288,3.1026,MY
101.9307,2.7313,MY
103.4038,1.9226,MY
112.5,2.5,MY
113.9692,4.2678,MY
101.5304,3.0538,MY
115.9946,5.8626,MY
103.2224,3.7696,MY
8,10,NG
3.3903,6.4474,NG
12.4833,9.2,NG
3.35,7.15,NG
3.3717,6.5403,NG
8,10,NG
5.6275,6.335,NG
8,10,NG
-85,13,NI
4.8995,52.3824,NL
4.8995,52.3824,NL
4.8995,52.3824,NL
4.9392,52.352,NL
4.8995,52.3824,NL
4.9087,52.3534,NL
4.8995,52.3824,NL
4.8995,52.3824,NL
4.6419,52.3615,NL
4.8995,52.3824,NL
4.8995,52.3824,NL
4.8995,52.3824,NL
4.8829,52.3719,NL
4.8995,52.3824,NL
4.8995,52.3824,NL
4.8995,52.3824,NL
4.8995,52.3824,NL
6.191,52.6962,NL
4.8164,52.346,NL
4.9479,52.3006,NL
4.8995,52.3824,NL
4.3511,51.9085,NL
4.9087,52.3534,NL
4.8995,52.3824,NL
6.1908,52.705,NL
4.8995,52.3824,NL
4.3597,52.0117,NL
4.8995,52.3824,NL
5.2366,52.3668,NL
5.7948,51.4613,NL
4.8995,52.3824,NL
4.1666,51.9979,NL
4.6499,52.1346,NL
4.8489,51.9487,NL
4.9517,52.3665,NL
5.5707,51.9655,NL
5.1653,52.022,NL
4.546,51.8517,NL
4.4717,52.145,NL
10.75,59.95,NO
10.75,59.95,NO
10.7747,59.8468,NO
18.9225,69.6342,NO
10.75,59.9167,NO
10.1985,59.7491,NO
8.637,58.5235,NO
5.3247,60.3911,NO
7.6949,58.5252,NO
10.7983,59.8114,NO
84,28,NP
84,28,NP
172.6333,-43.5333,NZ
174,-41,NZ
174,-41,NZ
172.5833,-43.3,NZ
174.7679,-36.8506,NZ
174.2963,-35.696,NZ
176.2102,-38.1482,NZ
57,21,OM
-80,9,PA
-79.523,8.9948,PA
-79.523,8.9948,PA
-80,9,PA
-80,9,PA
-77.0428,-12.0464,PE
-70.1333,-15.5,PE
-77.0428,-12.0464,PE
-77.0283,-12.0433,PE
-77.0283,-12.0433,PE
-77.0283,-12.0433,PE
-77.0283,-12.0433,PE
120.9721,14.5955,PH
120.9367,14.3294,PH
120.9721,14.5955,PH
121.071,14.5696,PH
120.9397,14.4307,PH
120.9721,14.5955,PH
120.9721,14.5955,PH
121.0602,14.5504,PH
120.9721,14.5955,PH
121.024,14.6156,PH
120.9721,14.5955,PH
121.0484,14.6496,PH
120.9721,14.5955,PH
120.5979,15.4802,PH
120.9721,14.5955,PH
120.5979,15.4802,PH
121.0493,14.6477,PH
121.4996,14.1488,PH
120.5841,15.1513,PH
126.2214,8.7028,PH
120.9721,14.5955,PH
121.0484,14.6496,PH
125.6128,7.0731,PH
122.0739,6.9103,PH
121.0367,14.5834,PH
123.8044,8.4858,PH
124.6578,12.0378,PH
123.9842,10.2775,PH
125.9258,7.6009,PH
123.6646,10.4082,PH
121.0484,14.6496,PH
120.9721,14.5955,PH
120.7731,15.1508,PH
121.1118,14.6414,PH
120.9721,14.5955,PH
120.7731,15.1508,PH
120.9721,14.5955,PH
120.5933,16.4124,PH
123.8929,10.3101,PH
120.8988,14.4837,PH
121.0462,14.6288,PH
120.9721,14.5955,PH
121.0493,14.6477,PH
120.5847,15.1403,PH
120.7244,15.4247,PH
67.0817,24.9043,PK
73.0655,33.6016,PK
74.3681,31.4909,PK
70,30,PK
73.4417,34.0007,PK
73.0146,33.6975,PK
73.0655,33.6016,PK
73.0655,33.6016,PK
73.0146,33.6975,PK
72.7944,33.6436,PK
70,30,PK
73.0146,33.6975,PK
74.3647,31.5503,PK
73.0146,33.6975,PK
72.2407,33.8928,PK
73.0843,31.4215,PK
67.0817,24.9043,PK
74.4247,31.5761,PK
73.4417,34.0007,PK
71.5593,33.9923,PK
74.4777,31.0781,PK
74.3681,31.4909,PK
72.2407,33.8928,PK
70,30,PK
71.5189,30.1599,PK
21.0362,52.2394,PL
21.0141,52.2313,PL
21.0362,52.2394,PL
21.0362,52.2394,PL
14.7981,52.1937,PL
20.5791,54.126,PL
20.4942,53.7799,PL
16.7424,52.2555,PL
15.0321,53.3366,PL
21.0362,52.2394,PL
21.0362,52.2394,PL
21.0362,52.2394,PL
21.0362,52.2394,PL
23.2574,50.7211,PL
22.2734,52.1657,PL
15.0321,53.3366,PL
16.5938,51.1649,PL
16.6901,53.7064,PL
17.0578,51.1367,PL
17.7202,51.3082,PL
21.0362,52.2394,PL
21.8884,52.8023,PL
20.5791,54.126,PL
21.0362,52.2394,PL
18.5857,54.3197,PL
20.9655,52.3335,PL
19.4732,51.7789,PL
21.0362,52.2394,PL
21.999,50.0413,PL
19.4631,51.7866,PL
19.7675,50.0368,PL
21,52.25,PL
21.034,52.2352,PL
14.5324,53.4588,PL
18.5518,54.4533,PL
20.2366,51.8882,PL
21.0362,52.2394,PL
21.4375,52.4299,PL
17.2913,50.9426,PL
16.3621,52.2281,PL
-66.0074,18.3547,PR
-67.1541,18.4274,PR
-66.1557,18.3986,PR
35.25,32,PS
35.25,32,PS
35.2,31.9,PS
35.2,31.9,PS
35.25,32,PS
35.25,32,PS
-8.611,41.1486,PT
-8.4756,40.841,PT
-9.1394,38.7139,PT
-8.4034,38.8771,PT
-7.9,38.5667,PT
-9.3276,38.7012,PT
-16.9,32.6333,PT
-9.1394,38.7139,PT
-9.1484,38.645,PT
-8.4799,40.6932,PT
-9.2294,38.7025,PT
-8.6891,41.1821,PT
-8.7636,41.3834,PT
-8.5198,41.408,PT
-9.1569,38.679,PT
-8.3,41.2333,PT
-9.1321,38.7174,PT
-8.1006,37.0695,PT
134.5148,7.3645,PW
134.13,6.906,PW
-57.1403,-25.3861,PY
-58,-23,PY
-57.6157,-25.2927,PY
-54.6187,-25.5125,PY
51.25,25.5,QA
55.6,-21.1,RE
25,46,RO
26.1033,44.4354,RO
25,46,RO
25,46,RO
24.15,45.8,RO
25,46,RO
26.0581,44.4946,RO
26.3667,47.2,RO
24.5575,46.5425,RO
25.9167,47.85,RO
25,46,RO
25,46,RO
27.6,47.1667,RO
21.9183,47.0458,RO
21.9031,45.6886,RO
26.0167,44.45,RO
27.4344,45.8497,RO
26.1033,44.4354,RO
26.0667,44.55,RO
26.1033,44.4354,RO
23.5978,46.769,RO
26.1033,44.4354,RO
25.3932,45.0156,RO
26.6667,47.75,RO
25.3333,43.9833,RO
25.6061,45.6486,RO
23.5978,46.769,RO
21.2257,45.7537,RO
26.1033,44.4354,RO
21.2257,45.7537,RO
23.5681,47.6573,RO
23.2833,45.05,RO
25.7833,45.8667,RO
28.8,45.1667,RO
25.5572,44.2435,RO
26.1227,44.3819,RO
20.4721,44.8166,RS
21,44,RS
20.3819,45.3836,RS
21.0336,43.3836,RS
19.8362,45.25,RS
19.2367,45.3919,RS
19.6667,46.1,RS
19.8794,45.2467,RS
37.6068,55.7386,RU
37.6068,55.7386,RU
37.6172,55.7527,RU
56.2478,58.0033,RU
39.7189,47.2361,RU
37.6068,55.7386,RU
37.6068,55.7386,RU
37.6068,55.7386,RU
65.5284,57.1518,RU
30.2619,59.8981,RU
82.9428,55.041,RU
101.6142,56.1325,RU
37.6068,55.7386,RU
59.9436,56.9053,RU
92.7993,56.003,RU
65.3333,55.45,RU
36.9821,55.6093,RU
37.6068,55.7386,RU
135.0802,48.4821,RU
49.6528,58.5947,RU
37.6068,55.7386,RU
37.6068,55.7386,RU
56.0481,54.7889,RU
37.6068,55.7386,RU
37.6068,55.7386,RU
37.6068,55.7386,RU
61.4312,55.158,RU
73.4001,54.9978,RU
48.4,54.3333,RU
133.6983,42.9055,RU
49.1686,55.7666,RU
20.511,54.7065,RU
38.975,45.0355,RU
47.2864,56.175,RU
60.6122,56.8519,RU
37.3461,44.9292,RU
104.7508,52.805,RU
39.7189,47.2361,RU
38.0042,55.7503,RU
37.6068,55.7386,RU
37.9447,55.1347,RU
39.7307,43.6008,RU
39.1724,51.6429,RU
40.3966,56.1365,RU
36.6103,55.0969,RU
46.5881,43.25,RU
129.8306,61.8667,RU
37.4297,55.897,RU
131.8712,43.107,RU
47.5024,42.9764,RU
37.6068,55.7386,RU
44.0019,56.3283,RU
39.9361,48.0592,RU
37.6068,55.7386,RU
43.0594,44.0486,RU
36.5802,50.6107,RU
53.6889,63.5581,RU
62.9362,56.26,RU
37.6068,55.7386,RU
45.1833,54.1833,RU
87.1,53.75,RU
158.6455,53.0146,RU
37.6068,55.7386,RU
32.04,54.7817,RU
86.0833,55.3333,RU
113.55,52.0333,RU
37.6068,55.7386,RU
38.975,45.0355,RU
54.2667,56.0833,RU
39.0167,54.9361,RU
37.6068,55.7386,RU
37.6068,55.7386,RU
37.5167,56.35,RU
55.0986,51.7847,RU
37.6068,55.7386,RU
38.2792,46.6989,RU
42.1667,56.25,RU
48.4,54.3333,RU
65.3045,55.3587,RU
38.1333,56.1,RU
50.1218,53.1813,RU
40.9344,57.7708,RU
52.4385,55.7866,RU
86.6621,53.99,RU
83.1072,54.849,RU
38.6718,45.0757,RU
61.45,57.01,RU
37.6068,55.7386,RU
37.6068,55.7386,RU
40.0939,47.4181,RU
30.2619,59.8981,RU
135.0802,48.4821,RU
37.6068,55.7386,RU
37.6172,55.7527,RU
41.9453,44.6267,RU
39.7307,43.6008,RU
49.1221,55.7887,RU
65.0883,54.9075,RU
83.76,53.36,RU
37.5119,54.0092,RU
38.8333,58.05,RU
37.6068,55.7386,RU
37.6172,55.7527,RU
37.6111,54.2044,RU
37.5461,55.4311,RU
37.6068,55.7386,RU
60.6122,56.8519,RU
40.1756,47.7462,RU
37.6172,55.7527,RU
37.6068,55.7386,RU
28.3333,57.8333,RU
37.6068,55.7386,RU
37.6068,55.7386,RU
47.3833,52.0333,RU
37.6068,55.7386,RU
77.5928,60.7283,RU
37.2731,55.6769,RU
37.6068,55.7386,RU
37.6068,55.7386,RU
37.4819,56.0097,RU
38.0586,55.893,RU
36.8542,55.9185,RU
56.0481,54.7889,RU
37.6068,55.7386,RU
37.6068,55.7386,RU
37.6068,55.7386,RU
37.6172,55.7527,RU
41.1257,44.9959,RU
39.1489,44.0361,RU
104.2964,52.2978,RU
37.1814,55.8514,RU
37.6172,55.7527,RU
36.1939,51.73,RU
82.9428,55.041,RU
39.2401,55.9717,RU
37.7708,44.7239,RU
36.8542,55.9185,RU
38.2133,45.3586,RU
39.2269,51.6592,RU
44.5438,43.4717,RU
37.6068,55.7386,RU
37.6068,55.7386,RU
37.6172,55.7527,RU
46.0271,51.5626,RU
145.8556,44.0306,RU
41.9711,45.0423,RU
37.6068,55.7386,RU
55.0986,51.7847,RU
73.4138,61.2426,RU
40.2595,48.3178,RU
113.5009,52.0317,RU
36.2468,53.0747,RU
92.3823,58.2938,RU
40.35,56.1833,RU
55.9464,53.6331,RU
84.8861,55.7231,RU
84.8328,56.6133,RU
72.7,61.0833,RU
37.8617,55.7594,RU
59.6508,55.1711,RU
37.6068,55.7386,RU
56.0481,54.7889,RU
50.1218,53.1813,RU
37.6068,55.7386,RU
45.4,50.1,RU
38.3667,56,RU
36.58,50.61,RU
39.5689,52.6186,RU
61.2564,54.4439,RU
38.4411,55.8536,RU
58.5806,54.2109,RU
37.6068,55.7386,RU
44.5035,48.7168,RU
104.2964,52.2978,RU
38.2303,55.5669,RU
37.94,55.8,RU
48.04,46.34,RU
58.57,51.2253,RU
49.3461,53.5303,RU
52.4385,55.7866,RU
42.1514,47.5136,RU
38.2303,55.5669,RU
53.2319,56.8492,RU
55.0986,51.7847,RU
37.6068,55.7386,RU
35.8931,56.8619,RU
39.87,44.76,RU
61.6469,55.1117,RU
37.6172,55.7527,RU
37.6172,55.7527,RU
127.5333,50.2667,RU
45.6969,51.0239,RU
44.5035,48.7168,RU
37.6068,55.7386,RU
36.6103,55.0969,RU
37.6068,55.7386,RU
39.0802,44.1053,RU
29.8453,58.7372,RU
37.6068,55.7386,RU
107.6167,51.8333,RU
36.7667,56.7,RU
61.3964,54.8939,RU
37.6068,55.7386,RU
84.9667,56.5,RU
22.0264,55.0311,RU
88.2206,69.3406,RU
60.611,56.8577,RU
30,-2,RW
46.7152,24.6537,SA
45,25,SA
45,25,SA
39.2192,21.5168,SA
46.7152,24.6537,SA
45,25,SA
39.2192,21.5168,SA
45,25,SA
49.5653,25.3646,SA
46.7152,24.6537,SA
45,25,SA
55.6667,-4.5833,SC
55.5206,-4.7034,SC
18.056,59.3247,SE
18.056,59.3247,SE
14.5667,57,SE
18.056,59.3247,SE
18.056,59.3247,SE
13.5408,57.3044,SE
18.05,59.3333,SE
14.5239,59.3267,SE
18.0718,59.3307,SE
15.1167,57.3167,SE
17.9658,59.3501,SE
17.9167,59.35,SE
15.3333,59.15,SE
18.056,59.3247,SE
14.1333,55.6333,SE
17.9167,59.3833,SE
12.8302,55.8708,SE
18.056,59.3247,SE
18.1637,59.3105,SE
18.2997,59.4794,SE
18.056,59.3247,SE
17.9083,59.5204,SE
15.7674,58.7058,SE
18.056,59.3247,SE
18.056,59.3247,SE
12.8622,56.2428,SE
18.0718,59.3307,SE
16.5528,59.6162,SE
18.056,59.3247,SE
17.1417,60.6745,SE
12.8568,56.6745,SE
13.0437,56.5121,SE
13.5964,56.4614,SE
18.5,59.35,SE
14.1616,58.4245,SE
12.6944,56.0467,SE
21.4794,65.3172,SE
12.85,56.7333,SE
16.55,59.1,SE
103.6839,1.314,SG
103.8,1.3667,SG
103.8,1.3667,SG
103.8547,1.2929,SG
103.8,1.3667,SG
103.6839,1.314,SG
103.8547,1.2929,SG
103.8,1.3667,SG
103.6839,1.314,SG
103.839,1.297,SG
103.8832,1.3681,SG
103.8547,1.2929,SG
103.886,1.3552,SG
103.8657,1.3616,SG
103.8492,1.2929,SG
103.7032,1.348,SG
103.8869,1.3267,SG
103.8547,1.2929,SG
103.7887,1.3191,SG
103.8547,1.2929,SG
103.8745,1.3309,SG
103.7863,1.3012,SG
103.8745,1.396,SG
103.8566,1.3248,SG
103.8413,1.3063,SG
103.8813,1.3153,SG
103.9109,1.3257,SG
103.837,1.4286,SG
15,46,SI
14.5046,46.0503,SI
14.5937,46.1377,SI
19.5,48.6667,SK
17.1078,48.15,SK
18.5588,49.224,SK
18.9669,48.4489,SK
21.8367,48.8735,SK
18.9274,49.0643,SK
-55.1667,5.8333,SR
-89.2053,13.7066,SV
-88.9167,13.8333,SV
-88.9167,13.8333,SV
-89.3597,13.8761,SV
38,35,SY
36.3,33.5,SY
-72.2521,21.7825,TC
15.7375,12.9981,TD
100.4667,13.75,TH
100.4865,13.733,TH
100.4667,13.75,TH
100.4833,13.7167,TH
98.3564,7.95,TH
100.5333,17.8,TH
100.4667,13.75,TH
102.6138,16.295,TH
101.0833,13.6,TH
100.5362,13.7359,TH
100.4667,13.75,TH
100.4775,13.8594,TH
98.9782,18.791,TH
100.4667,13.75,TH
100.4873,13.751,TH
100.75,13.8167,TH
100.4667,13.75,TH
100.25,16.8333,TH
100.4974,13.9181,TH
101.7856,15.5142,TH
100.4775,13.8594,TH
100.4667,13.75,TH
100.2833,14.1833,TH
100.4536,13.7653,TH
100.4667,13.75,TH
100.5305,14.0135,TH
100.4667,13.75,TH
100.4667,13.75,TH
100.4667,13.75,TH
100.2218,15.6454,TH
100.9835,13.3622,TH
100.4889,13.7594,TH
100.5362,13.7359,TH
100.4667,13.75,TH
99.7875,13.5854,TH
102.6138,16.295,TH
100.1917,13.8667,TH
100.4553,13.7086,TH
100.4667,13.75,TH
102.2215,15.0598,TH
101.3417,12.7044,TH
100.4333,13.9167,TH
100.25,16.8333,TH
100.5068,13.7877,TH
98.3564,7.95,TH
98.9167,18.6872,TH
100.4667,13.75,TH
100.4667,13.75,TH
100.1917,13.8667,TH
101.3,12.7833,TH
102.6138,16.295,TH
100.4775,13.8594,TH
100.4638,13.6984,TH
100.4667,13.75,TH
100.5899,13.9139,TH
100.4638,13.6984,TH
100.2218,15.6454,TH
101.1944,13.6861,TH
100.4046,14.8879,TH
98.9167,18.6872,TH
103.1667,15.9,TH
100.4667,13.75,TH
101.2167,12.9667,TH
100.4167,7.1,TH
100.6619,7.0167,TH
100.4667,13.75,TH
100.2833,14.1833,TH
99.8381,10.0981,TH
100.4536,13.7653,TH
100.4258,13.9102,TH
99.0453,18.8522,TH
100.4667,13.75,TH
100.75,13.8167,TH
100.4536,13.7653,TH
99.3628,9.1308,TH
100.4638,13.6984,TH
100.4667,13.75,TH
100.8833,12.9333,TH
99.68,16.31,TH
100.4667,13.75,TH
9,34,TN
9,34,TN
9,34,TN
28.9745,41.018,TR
28.9948,41.0214,TR
28.9948,41.0214,TR
32.8534,39.9396,TR
28.9941,41.0641,TR
28.9296,41.0585,TR
27.8116,39.6443,TR
29.009,37.4857,TR
35.3289,37.0017,TR
28.9646,41.002,TR
35.7653,38.6403,TR
28.9948,41.0214,TR
37.3437,37.0484,TR
35.5257,38.7462,TR
32.7308,39.9683,TR
28.9948,41.0214,TR
28.9745,41.018,TR
28.9639,41.0545,TR
32.7916,39.9619,TR
32.8347,39.9214,TR
30.7096,36.8767,TR
42.4594,37.5228,TR
29.1167,40.9833,TR
38.3048,38.4093,TR
28.8343,40.9992,TR
27.3,41.05,TR
32.8191,39.9058,TR
28.9481,41.0349,TR
28.9788,41.004,TR
32.858,39.9115,TR
32.8347,39.9214,TR
29.2725,40.8775,TR
30.2267,37.3968,TR
28.9502,41.0087,TR
28.9745,41.018,TR
31.4431,36.7867,TR
34.6651,36.8948,TR
32.8108,39.915,TR
28.936,41.0034,TR
30.6555,36.89,TR
35.35,36.95,TR
35.35,36.95,TR
27.14,38.4067,TR
28.9718,41.007,TR
26.2369,39.9806,TR
35.7653,38.6403,TR
27.2252,41.7351,TR
28.9872,41.0605,TR
35.095,37.0695,TR
30.2267,37.3968,TR
27.3,41.05,TR
27.8116,39.6443,TR
34.8183,36.9658,TR
29.2811,37.8031,TR
28.9948,41.0214,TR
32.8958,39.955,TR
28.9184,41.0504,TR
37.3437,37.0484,TR
28.9948,41.0214,TR
32.8699,39.9355,TR
26.5902,41.6725,TR
36.3833,41.15,TR
27.14,38.4067,TR
34.1577,39.3607,TR
27.4289,38.4871,TR
28.9745,41.018,TR
28.9833,40.25,TR
33.7367,41.4256,TR
29.3333,38.65,TR
28.9751,41.0524,TR
29.0236,40.9887,TR
32.8347,39.9214,TR
27.1897,38.4384,TR
37.3437,37.0484,TR
28.9639,41.0545,TR
38.7994,37.2036,TR
28.9948,41.0214,TR
28.94,41.0279,TR
28.9745,41.018,TR
28.9745,41.018,TR
29.0236,40.9887,TR
38.2763,37.7644,TR
27.1,38.4,TR
-61.5167,10.65,TT
-61.3833,10.6333,TT
-61.4167,10.65,TT
120.3139,22.6148,TW
121.5318,25.0478,TW
120.6839,24.1469,TW
121,23.5,TW
121,23.5,TW
121,23.5,TW
121,23.5,TW
120.9706,24.8065,TW
120.2133,22.9908,TW
121,23.5,TW
121,23.5,TW
121.3176,24.9889,TW
121.5318,25.0478,TW
121,23.5,TW
120.3139,22.6148,TW
121,23.5,TW
120.5817,23.4633,TW
121.5318,25.0478,TW
120.9706,24.8065,TW
120.6866,23.9059,TW
121,23.5,TW
120.3139,22.6148,TW
121.5333,25.0333,TW
120.9706,24.8065,TW
121.1446,22.7599,TW
121.5318,25.0478,TW
120.3139,22.6148,TW
120.6839,24.1469,TW
121.5318,25.0478,TW
121,23.5,TW
120.8237,24.5643,TW
121.5318,25.0478,TW
121,23.5,TW
121.5318,25.0478,TW
120.6839,24.1469,TW
120.5419,24.0709,TW
120.2133,22.9908,TW
120.3139,22.6148,TW
120.8237,24.5643,TW
121.1611,24.6742,TW
121.0078,24.8383,TW
120.6839,24.1469,TW
121.753,24.757,TW
120.6839,24.1469,TW
121,23.5,TW
120.4498,23.4815,TW
121.5318,25.0478,TW
121,23.5,TW
121,23.5,TW
120.9706,24.8065,TW
121.5318,25.0478,TW
121.7419,25.1283,TW
120.6839,24.1469,TW
120.5817,23.4633,TW
120.1917,22.9692,TW
120.4498,23.4815,TW
120.2133,22.9908,TW
121.2403,24.9633,TW
120.9386,22.4436,TW
120.6839,24.1469,TW
121.3176,24.9889,TW
121.5318,25.0478,TW
120.8667,24.5333,TW
120.1917,22.9692,TW
120.6839,24.1469,TW
120.5419,24.0709,TW
120.5419,24.0709,TW
121.5318,25.0478,TW
121.1611,24.6742,TW
121.3015,23.0598,TW
121,23.5,TW
120.2133,22.9908,TW
120.6839,24.1469,TW
121.5318,25.0478,TW
121.3176,24.9889,TW
121,23.5,TW
121.0078,24.8383,TW
121.297,24.9937,TW
121,23.5,TW
121.3176,24.9889,TW
120.2133,22.9908,TW
120.3848,23.707,TW
121.753,24.757,TW
121,23.5,TW
121.6044,23.9769,TW
120.9706,24.8065,TW
121.3176,24.9889,TW
120.4498,23.4815,TW
120.4498,23.4815,TW
120.2958,22.6824,TW
120.5419,24.0709,TW
121.3176,24.9889,TW
121.7419,25.1283,TW
39.291,-6.8227,TZ
30.5233,50.45,UA
30.5167,50.4333,UA
36.2566,49.982,UA
30.5233,50.45,UA
34.8003,50.9216,UA
30.5238,50.4547,UA
30.5233,50.45,UA
30.5233,50.45,UA
34.4667,47.5,UA
30.5233,50.45,UA
34.1108,44.9572,UA
34.1108,44.9572,UA
30.5167,50.4333,UA
23.279,48.3653,UA
30.7326,46.4775,UA
35.0328,48.4602,UA
36.2566,49.982,UA
24.0191,49.839,UA
31.9974,46.9659,UA
30.5167,50.4333,UA
35.2916,47.8555,UA
37.7857,47.9948,UA
28.481,49.2328,UA
24.3731,49.0119,UA
33.5224,44.5888,UA
24.0191,49.839,UA
30.5238,50.4547,UA
30.5167,50.4333,UA
22.3,48.6167,UA
36.2566,49.982,UA
25.5892,49.5534,UA
30.5233,50.45,UA
24.2829,50.4744,UA
29.9177,50.0767,UA
25.7246,50.0969,UA
32.6953,48.7425,UA
38.0542,48.347,UA
30.5233,50.45,UA
32.6178,46.6558,UA
33.5224,44.5888,UA
37.5413,47.0951,UA
26.9965,49.4216,UA
33.9436,47.1757,UA
25.5892,49.5534,UA
35.3653,46.8489,UA
37.2886,48.2573,UA
37.2485,49.2088,UA
37.1758,48.282,UA
24.0191,49.839,UA
36.4706,45.3607,UA
22.7178,48.4392,UA
37.0985,47.3677,UA
35.4667,49.1167,UA
39.2323,48.7396,UA
35.0328,48.4602,UA
30.2316,50.2402,UA
33.7829,47.1914,UA
30.1121,49.8094,UA
37.9258,48.0478,UA
36.8595,49.4627,UA
33.5224,44.5888,UA
33.2042,0.4244,UG
32,1,UG
-97.822,37.751,US
-77.539,39.018,US
-122.3732,37.7353,US
-96.8384,32.9379,US
-83.0235,39.9653,US
-97.822,37.751,US
-97.2863,32.8685,US
-77.4728,39.0481,US
-97.822,37.751,US
-74.1403,40.8364,US
-74.0247,40.793,US
-96.1261,32.8983,US
-122.3451,47.6348,US
-115.1164,36.1685,US
-115.0433,36.0119,US
-104.9059,41.1034,US
-97.2834,32.9321,US
-119.7143,45.8491,US
-97.822,37.751,US
-115.0433,36.0119,US
-97.822,37.751,US
-118.244,34.0544,US
-122.284,47.8353,US
-74,40.7157,US
-123.1965,38.5918,US
-111.8867,33.6013,US
-111.9474,41.1919,US
-97.822,37.751,US
-118.2578,34.0549,US
-112.0996,33.6819,US
-97.822,37.751,US
-118.2578,34.0549,US
-122.3004,47.4902,US
-118.1874,33.8041,US
-78.8784,42.8864,US
-74,40.7157,US
-97.822,37.751,US
-75.1474,39.9476,US
-97.822,37.751,US
-104.9815,39.7277,US
-121.9753,37.3417,US
-97.822,37.751,US
-118.2606,34.0729,US
-97.822,37.751,US
-78.8781,42.8864,US
-122.4193,37.7751,US
-97.822,37.751,US
-104.9059,41.1034,US
-117.8512,34.0233,US
-96.8704,32.8137,US
-97.822,37.751,US
-122.33,37.5517,US
-74.0129,40.7105,US
-97.822,37.751,US
-81.5727,30.1426,US
-105.2366,39.9947,US
-87.6589,41.8719,US
-77.2481,38.6583,US
-97.822,37.751,US
-97.822,37.751,US
-97.822,37.751,US
-74,40.7157,US
-118.2606,34.0729,US
-97.822,37.751,US
-97.822,37.751,US
-77.4084,37.5202,US
-74,40.7157,US
-74,40.7157,US
-122.0748,37.4043,US
-77.2481,38.6583,US
-117.1367,32.7967,US
-97.822,37.751,US
-97.822,37.751,US
-121.8914,37.3387,US
-118.4269,34.413,US
-97.822,37.751,US
-97.822,37.751,US
-122.0004,37.5625,US
-115.141,36.1214,US
-76.629,39.3516,US
-97.822,37.751,US
-80.843,35.2296,US
-111.2422,45.6684,US
-83.2376,33.0787,US
-97.822,37.751,US
-97.822,37.751,US
-118.2578,34.0549,US
-81.5727,30.1426,US
-112.0749,33.4532,US
-74,40.7157,US
-75.1474,39.9476,US
-97.822,37.751,US
-97.822,37.751,US
-74.1782,40.7265,US
-92.1998,46.8147,US
-78.1539,38.7095,US
-97.822,37.751,US
-105.0346,39.696,US
-74.1697,40.739,US
-73.9975,40.7308,US
-92.1998,46.8147,US
-118.0668,33.8665,US
-111.6442,40.2342,US
-122.0742,37.7045,US
-118.2606,34.0729,US
-118.2611,34.074,US
-76.6062,39.3248,US
-97.822,37.751,US
-122.6692,45.5245,US
-97.822,37.751,US
-97.822,37.751,US
-81.5727,30.1426,US
-105.2366,39.9947,US
-94.5686,39.1484,US
-117.9519,33.707,US
-97.822,37.751,US
-77.3429,38.9609,US
-97.822,37.751,US
-97.822,37.751,US
-97.822,37.751,US
-112.0563,33.5093,US
-118.1215,33.7903,US
-97.822,37.751,US
-115.2166,36.1682,US
-121.8914,37.3388,US
-84.3871,33.7485,US
-81.5727,30.1426,US
-92.1998,46.8147,US
-97.822,37.751,US
-81.5727,30.1426,US
-80.843,35.2296,US
-104.9059,41.1034,US
-97.822,37.751,US
-97.822,37.751,US
-95.579,29.6277,US
-81.5727,30.1426,US
-97.822,37.751,US
-122.33,37.5517,US
-86.8653,36.1093,US
-96.9666,32.926,US
-97.822,37.751,US
-97.822,37.751,US
-78.375,36.6534,US
-86.8622,33.1248,US
-114.125,34.4228,US
-122.0748,37.4043,US
-95.8227,36.2862,US
-98.4935,29.4247,US
-122.0748,37.4043,US
-118.2606,34.0729,US
-118.244,34.0544,US
-97.822,37.751,US
-74.0426,40.6208,US
-97.822,37.751,US
-122.3314,47.6092,US
-87.9472,42.3653,US
-97.822,37.751,US
-118.4252,34.0318,US
-74.1594,40.7256,US
-86.8799,33.4977,US
-97.822,37.751,US
-114.9592,35.9978,US
-96.8217,32.7787,US
-83.6127,42.7905,US
-73.9904,40.7359,US
-97.822,37.751,US
-80.843,35.2296,US
-97.2921,30.1388,US
-122.3451,47.6348,US
-87.6289,41.871,US
-96.8825,32.9657,US
-73.1409,40.9256,US
-93.927,29.9212,US
-117.1709,32.6799,US
-118.2578,34.0549,US
-111.9461,33.6731,US
-96.8217,32.7787,US
-74.1782,40.7265,US
-97.822,37.751,US
-83.418,33.9461,US
-73.7151,40.6537,US
-122.0748,37.4043,US
-82.9362,34.6828,US
-111.8867,33.6013,US
-73.8098,40.7852,US
-84.3797,33.8336,US
-74.0429,41.1144,US
-85.063,35.0788,US
-74.0422,40.7362,US
-118.4487,34.0447,US
-74.4104,40.8617,US
-117.9325,33.762,US
-98.7803,38.3936,US
-95.598,29.7754,US
-73.7695,40.7637,US
-78.8784,42.8864,US
-121.2643,38.8113,US
-97.822,37.751,US
-96.8217,32.7787,US
-89.9311,31.2473,US
-97.822,37.751,US
-71.4383,41.7766,US
-118.2264,34.1607,US
-97.822,37.751,US
-74.1804,40.5468,US
-97.822,37.751,US
-97.822,37.751,US
-111.6347,33.3429,US
-77.036,38.9208,US
-73.8525,40.8703,US
-118.5012,34.1592,US
-90.9158,30.2459,US
-97.822,37.751,US
-73.9712,40.7428,US
-73.723,40.7347,US
-118.2493,33.9484,US
-99.7515,40.785,US
-97.822,37.751,US
-115.2418,36.2973,US
-121.8902,36.9797,US
-95.4251,29.7228,US
-97.822,37.751,US
-95.9085,36.1462,US
-73.8726,40.8731,US
-80.7292,28.3159,US
-122.0004,37.5625,US
-97.822,37.751,US
-83.1503,42.5365,US
-71.083,42.362,US
-73.8685,40.828,US
-118.3324,34.0511,US
-122.3451,47.6348,US
-73.841,40.5739,US
-73.5336,40.6737,US
-105.0844,40.5853,US
-103.6644,37.9546,US
-97.822,37.751,US
-73.9802,40.7683,US
-122.0748,37.4043,US
-118.32,34.1718,US
-118.267,33.9576,US
-74.9285,39.7766,US
-94.3533,39.0731,US
-118.1888,34.113,US
-84.3871,33.7485,US
-122.0748,37.4043,US
-97.822,37.751,US
-87.2574,33.175,US
-98.6108,29.3521,US
-80.247,25.9097,US
-73.9589,40.7653,US
-112.194,33.4743,US
-118.3693,33.8697,US
-73.8981,40.8646,US
-86.6969,33.3792,US
-90.9427,30.3064,US
-72.0505,42.8972,US
-97.822,37.751,US
-122.3451,47.6348,US
-81.734,28.801,US
-96.7888,32.8266,US
-97.822,37.751,US
-73.9467,40.598,US
-96.6319,32.8179,US
-81.1893,28.5807,US
-97.822,37.751,US
-105.926,35.5335,US
-95.4251,29.7228,US
-115.1164,36.1685,US
-97.822,37.751,US
-73.862,40.7484,US
-74,40.7157,US
-77.2481,38.6583,US
-118.3622,33.9571,US
-97.822,37.751,US
-77.636,39.9072,US
-80.1537,26.0168,US
-98.6154,34.6131,US
-97.822,37.751,US
-97.822,37.751,US
-74.0029,40.7145,US
-87.6386,41.8868,US
-75.0041,40.185,US
-122.0748,37.4043,US
-97.822,37.751,US
-95.71,30.4522,US
-80.3553,25.6589,US
-97.822,37.751,US
-118.3294,33.9883,US
-96.8336,32.7908,US
-97.822,37.751,US
-73.5124,40.6866,US
-122.2159,47.7497,US
-80.1826,25.7806,US
-112.0246,33.3804,US
-93.6112,41.6006,US
-117.8245,33.6564,US
-73.8883,40.6994,US
-93.2244,30.1713,US
-97.8209,30.5045,US
-96.8635,32.8964,US
-80.8428,35.2316,US
-117.5198,33.8241,US
-122.6,45.5111,US
-73.775,40.68,US
-96.6214,32.9219,US
-96.9841,32.961,US
-89.9909,34.9722,US
-104.5899,34.8526,US
-118.3521,34.0675,US
-73.6184,40.7041,US
-77.2481,38.6583,US
-73.7601,40.6631,US
-97.822,37.751,US
-115.2149,36.0097,US
-97.822,37.751,US
-97.822,37.751,US
-83.1138,42.5597,US
-71.4758,41.7689,US
-78.916,33.6988,US
-86.9256,40.4444,US
-118.278,34.0584,US
-73.8244,40.7513,US
-73.909,40.7465,US
-75.4081,41.1247,US
-97.822,37.751,US
-97.822,37.751,US
-73.9056,40.9014,US
-118.236,33.8737,US
-73.8753,40.6764,US
-117.9617,34.0032,US
-73.8163,40.6758,US
-118.3211,34.0882,US
-84.1627,34.2319,US
-117.07,32.7638,US
-123.3558,43.453,US
-74.1627,40.9129,US
-97.822,37.751,US
-73.908,40.8777,US
-90.2526,30.0249,US
-73.8038,40.7033,US
-97.822,37.751,US
-79.7355,40.476,US
-97.822,37.751,US
-81.846,35.325,US
-74.2011,40.843,US
-88.262,41.7892,US
-84.3871,33.7485,US
-73.8291,40.7681,US
-122.3303,47.6109,US
-86.1989,43.1791,US
-73.9818,40.7263,US
-97.822,37.751,US
-111.7082,33.2752,US
-122.3451,47.6348,US
-117.7703,34.1203,US
-73.8533,40.6915,US
-80.1472,41.6323,US
-105.001,39.5972,US
-93.1894,45.0782,US
-80.4915,35.6524,US
-122.3303,47.6109,US
-74.0029,40.7145,US
-104.8193,41.1399,US
-80.4036,25.7259,US
-80.6143,35.4155,US
-73.5597,40.713,US
-81.7529,30.2712,US
-95.8072,36.0432,US
-111.9195,33.3124,US
-117.9526,33.8405,US
-97.3387,35.4603,US
-85.5136,43.1152,US
-117.9325,33.762,US
-96.7882,32.9958,US
-97.822,37.751,US
-74.8453,40.518,US
-75.2436,40.986,US
-71.0629,42.3503,US
-72.6699,40.818,US
-97.822,37.751,US
-78.8822,42.9155,US
-73.8442,40.6805,US
-117.0203,32.7847,US
-76.9331,40.2327,US
-122.3451,47.6348,US
-75.4874,40.6998,US
-118.442,34.2278,US
-122.33,37.5517,US
-80.8201,35.2916,US
-118.4525,33.9779,US
-118.3887,33.956,US
-80.3584,25.7738,US
-73.9316,40.8596,US
-118.4269,34.413,US
-119.0433,35.4244,US
-111.8867,33.6013,US
-122.0748,37.4043,US
-159.3683,21.9816,US
-83.2559,31.7227,US
-82.4943,28.2475,US
-97.822,37.751,US
-96.6319,32.8179,US
-119.1205,35.3935,US
-118.1464,33.9675,US
-97.822,37.751,US
-76.0558,43.0734,US
-73.4313,40.7306,US
-97.822,37.751,US
-96.7495,32.8756,US
-77.0059,39.1148,US
-97.3208,32.7254,US
-80.6874,28.2062,US
-86.2768,39.8726,US
-118.6599,34.1413,US
-85.7277,34.9446,US
-96.8336,32.7908,US
-117.9477,33.93,US
-90.2575,38.6433,US
-73.6477,40.7984,US
-78.9299,36.0918,US
-118.2963,34.1836,US
-73.3546,40.7135,US
-73.7973,40.7584,US
-118.0111,34.0716,US
-94.6271,39.1157,US
-88.2297,30.6483,US
-88.6924,41.9977,US
-117.6185,34.0349,US
-121.4403,37.7353,US
-73.8695,40.7364,US
-111.9429,40.5541,US
-74.2297,40.8534,US
-80.3927,25.9092,US
-118.244,34.0544,US
-118.0868,34.1563,US
-112.0201,43.4736,US
-73.9582,40.9952,US
-97.822,37.751,US
-97.7742,32.425,US
-76.0795,39.2147,US
-97.822,37.751,US
-122.4121,37.7506,US
-80.2702,25.7641,US
-73.063,41.5538,US
-94.2042,45.5722,US
-94.5786,39.0997,US
-97.822,37.751,US
-117.3702,47.7027,US
-95.513,29.6924,US
-88.4011,44.277,US
-80.2702,25.7641,US
-92.983,34.6484,US
-80.3364,25.8799,US
-97.822,37.751,US
-73.5597,40.713,US
-122.0438,37.3177,US
-81.8871,31.6043,US
-73.7262,40.789,US
-118.2578,33.859,US
-119.7315,34.4398,US
-86.7196,36.0711,US
-78.7959,42.9767,US
-97.1399,32.5817,US
-122.1496,37.6868,US
-97.822,37.751,US
-96.8805,33.0951,US
-118.0016,34.1483,US
-74.4996,40.4992,US
-84.3754,33.7697,US
-95.1848,29.8235,US
-80.1749,26.1792,US
-77.4602,37.5537,US
-105.0938,40.387,US
-96.8655,32.6085,US
-73.6026,40.6586,US
-73.9591,40.7099,US
-96.1418,34.3445,US
-97.822,37.751,US
-82.582,28.0117,US
-112.0995,33.508,US
-105.0935,40.4236,US
-93.4396,44.8328,US
-84.1383,40.7955,US
-86.3249,37.4603,US
-97.822,37.751,US
-74.1184,40.5697,US
-97.822,37.751,US
-81.834,34.8939,US
-81.5498,30.0822,US
-74.0325,40.7424,US
-118.573,34.2047,US
-101.9316,33.5119,US
-122.3004,47.4902,US
-118.4296,34.1531,US
-78.4076,37.3027,US
-97.822,37.751,US
-97.822,37.751,US
-91.0014,30.3927,US
-73.5455,40.6665,US
-75.2718,40.38,US
-96.6177,33.1974,US
-87.891,42.9778,US
-86.122,39.8655,US
-84.4748,33.3902,US
-95.579,29.6277,US
-91.5054,41.6344,US
-92.1279,46.7715,US
-87.9437,42.951,US
-71.3046,42.7288,US
-97.822,37.751,US
-70.9355,41.6913,US
-88.2022,41.8886,US
-73.9502,40.7809,US
-95.8309,29.7388,US
-111.6347,33.3429,US
-73.4094,40.8681,US
-87.8652,41.8957,US
-74.0429,41.1144,US
-80.843,35.2296,US
-118.086,34.0648,US
-89.9758,30.0313,US
-72.5745,41.7066,US
-73.9501,40.781,US
-96.7981,33.2339,US
-83.1167,42.5982,US
-73.8414,40.8881,US
-118.244,34.0544,US
-74.0426,40.6208,US
-85.8391,40.2803,US
-74.6429,41.0287,US
-96.2421,35.2396,US
-95.5233,29.8738,US
-97.822,37.751,US
-111.7118,33.438,US
-97.822,37.751,US
-84.5026,34.1078,US
-117.0203,32.7847,US
-122.2412,37.7906,US
-97.822,37.751,US
-122.406,37.7771,US
-97.822,37.751,US
-76.2343,36.7348,US
-77.3983,39.0258,US
-117.8941,33.884,US
-73.9904,40.7359,US
-97.2512,32.9275,US
-73.946,40.839,US
-84.3797,33.8336,US
-88.0788,44.5522,US
-115.2166,36.1682,US
-97.822,37.751,US
-80.8317,35.1879,US
-74.06,40.7876,US
-93.2814,44.8349,US
-74.0159,41.0629,US
-97.5838,27.9403,US
-89.4,43.0653,US
-73.9614,40.7547,US
-78.6386,35.7721,US
-74.7007,41.6516,US
-118.2578,34.0549,US
-82.2011,33.4485,US
-118.1998,34.2188,US
-106.6402,35.1349,US
-77.4728,39.0481,US
-118.3029,34.0762,US
-74.0066,40.7126,US
-74.0005,40.6368,US
-82.8028,27.9091,US
-82.4921,28.9284,US
-122.6363,45.4805,US
-70.1863,44.0969,US
-85.2656,37.1161,US
-82.9054,40.1149,US
-97.0764,33.0391,US
-80.2221,39.494,US
-73.6981,40.6704,US
-82.9717,40.1113,US
-97.6995,27.7984,US
-90.3644,38.7023,US
-73.7677,40.7142,US
-75.1479,40.1821,US
-97.822,37.751,US
-79.9395,35.9359,US
-90.4286,38.1879,US
-73.5832,40.6505,US
-97.6868,30.2721,US
-71.0726,42.3388,US
-77.6923,43.1702,US
-97.822,37.751,US
-73.051,40.871,US
-75.4874,40.6998,US
-75.2303,39.9612,US
-97.822,37.751,US
-73.6484,40.7244,US
-86.4832,30.7773,US
-115.2757,36.1236,US
-90.4733,43.9838,US
-81.5815,30.2755,US
-118.5371,34.1979,US
-89.9085,35.1128,US
-81.6012,28.5274,US
-97.822,37.751,US
-111.934,41.9105,US
-88.2018,41.9778,US
-97.822,37.751,US
-74.0028,40.6799,US
-74.8991,40.0933,US
-119.6954,39.6582,US
-118.291,33.8951,US
-76.0098,43.0772,US
-122.3451,47.6348,US
-83.925,42.616,US
-80.2615,35.822,US
-97.3842,32.7446,US
-122.2708,37.5549,US
-73.3037,40.8562,US
-97.822,37.751,US
-97.822,37.751,US
-84.4894,38.0152,US
-97.822,37.751,US
-90.2817,38.7943,US
-73.8422,40.7015,US
-116.2172,33.7209,US
-105.1009,40.1773,US
-118.4298,34.003,US
-87.1667,33.8927,US
-117.9663,33.6647,US
-93.6005,42.0373,US
-118.0509,33.7215,US
-85.7657,34.4898,US
-97.822,37.751,US
-85.1461,35.0278,US
-94.574,45.6151,US
-90.179,44.6615,US
-94.1046,46.3521,US
-80.1963,25.7588,US
-73.9891,40.2993,US
-122.6,45.5111,US
-76.3146,36.8307,US
-98.0017,41.1213,US
-74.0014,40.7503,US
-88.7801,30.4404,US
-118.4587,34.2619,US
-97.822,37.751,US
-122.2203,47.4714,US
-80.1498,26.348,US
-111.7435,33.338,US
-75.1832,39.9357,US
-90.8101,43.9536,US
-97.822,37.751,US
-117.4172,48.741,US
-81.831,41.2463,US
-73.4094,40.8681,US
-70.9133,42.1293,US
-80.4344,25.4931,US
-73.6184,40.7041,US
-118.1424,33.9212,US
-71.4383,41.7766,US
-120.2719,47.4162,US
-82.4848,27.3672,US
-71.1246,42.3996,US
-83.7017,42.2324,US
-96.6053,32.7691,US
-117.2484,32.8425,US
-73.9745,40.7828,US
-112.0676,33.3199,US
-84.4455,33.7838,US
-122.6795,45.5777,US
-73.4593,40.6673,US
-73.9591,40.7099,US
-74.0005,40.7114,US
-77.8528,36.4169,US
-74.0476,40.7182,US
-87.6376,41.8777,US
-79.9557,40.4442,US
-73.9847,40.6801,US
-92.3131,43.056,US
-80.3365,40.6972,US
-117.8854,33.9339,US
-84.153,34.4512,US
-90.179,44.6615,US
-97.822,37.751,US
-119.2264,34.2862,US
-157.8028,21.289,US
-77.6597,34.3914,US
-121.4702,38.5725,US
-84.6082,39.1091,US
-117.9526,33.8405,US
-73.7497,40.6001,US
-83.388,42.683,US
-112.0996,33.6819,US
-73.946,40.839,US
-73.3667,40.8108,US
-87.2775,33.8312,US
-73.9392,40.7429,US
-74.3646,40.9049,US
-74,40.7157,US
-115.2149,36.0097,US
-73.9138,40.6627,US
-73.9953,40.782,US
-118.347,33.889,US
-80.3587,33.9133,US
-122.0748,37.4043,US
-119.8365,39.5381,US
-97.822,37.751,US
-82.2911,27.9032,US
-106.538,31.8378,US
-111.7792,33.2409,US
-97.822,37.751,US
-120.4964,34.9504,US
-97.822,37.751,US
-118.3667,34.1448,US
-121.8914,37.3387,US
-77.4728,39.0481,US
-73.548,41.0641,US
-122.0748,37.4043,US
-95.5019,30.1707,US
-111.8068,41.7759,US
-111.8483,40.3942,US
-73.9272,40.6186,US
-97.822,37.751,US
-81.6012,28.5274,US
-73.4313,40.7306,US
-117.9949,33.8001,US
-73.9559,40.6462,US
-95.8858,36.0496,US
-122.5331,47.6463,US
-74.1195,40.0881,US
-118.267,34.1526,US
-84.0618,39.7589,US
-84.4009,39.3434,US
-74.0055,40.7365,US
-97.822,37.751,US
-117.2548,34.1438,US
-83.1319,40.0337,US
-86.222,39.2367,US
-73.822,40.694,US
-88.2634,44.6611,US
-119.1894,34.2347,US
-74.3428,40.9277,US
-80.5284,36.2032,US
-71.0628,43.8172,US
-73.5455,40.6665,US
-122.4257,37.6538,US
-97.2303,31.5095,US
-79.9613,40.3775,US
-117.9773,33.7832,US
-83.7044,41.7061,US
-96.9926,33.0176,US
-86.7495,35.7832,US
-117.7375,33.9776,US
-89.7679,30.2791,US
-83.7124,33.9978,US
-118.4269,34.413,US
-93.2081,44.7499,US
-85.6148,42.8899,US
-122.3661,37.5659,US
-118.2946,34.1004,US
-104.9669,39.7318,US
-78.8426,35.9806,US
-88.4231,42.1726,US
-97.822,37.751,US
-73.0728,41.7701,US
-88.145,43.0656,US
-71.7719,42.2555,US
-74.0727,40.2066,US
-118.1145,34.011,US
-80.1756,33.0185,US
-82.0829,33.3449,US
-77.2806,38.7913,US
-118.3409,34.1657,US
-73.8916,40.7611,US
-97.2834,32.9321,US
-75.1565,39.9195,US
-71.2271,42.366,US
-97.822,37.751,US
-97.822,37.751,US
-84.0154,39.8026,US
-72.7522,42.1293,US
-111.8867,33.6013,US
-76.4078,39.3408,US
-95.3258,46.0545,US
-118.2836,34.0322,US
-122.3747,47.6901,US
-97.4163,32.339,US
-96.7488,33.1371,US
-90.1102,32.4699,US
-87.6376,41.8777,US
-81.8629,41.1389,US
-80.8512,35.21,US
-74.1977,40.7242,US
-86.13,39.5992,US
-91.5125,44.833,US
-89.9562,32.3895,US
-97.822,37.751,US
-78.6865,35.797,US
-78.475,42.0803,US
-82.3951,28.0406,US
-74.2236,40.7418,US
-83.3785,42.331,US
-105.1101,39.842,US
-112.2348,33.5768,US
-74.1853,42.938,US
-99.7637,32.4358,US
-95.4707,30.0516,US
-82.8062,40.5384,US
-95.5302,30.0409,US
-95.4696,29.8284,US
-97.822,37.751,US
-87.6517,41.8483,US
-80.843,35.2296,US
-74.06,40.7876,US
-97.2132,32.8876,US
-78.9178,35.9112,US
-96.805,32.7767,US
-122.3165,47.6295,US
-74.3646,40.9049,US
-82.5245,28.0791,US
-117.8582,34.0964,US
-112.1516,41.7413,US
-85.5803,44.8155,US
-82.9967,42.4723,US
-96.8834,33.0036,US
-56.1702,-34.8576,UY
-56.4667,-30.4,UY
-56,-33,UY
64,41,UZ
64,41,UZ
64,41,UZ
64,41,UZ
-66.9208,10.5048,VE
-66,8,VE
-69.3207,10.0726,VE
-66,8,VE
-67.5973,10.2448,VE
-66,8,VE
-66.8567,10.2483,VE
-68.895,10.1603,VE
-66,8,VE
-67.9991,10.179,VE
-69.5667,10.7719,VE
-66.8875,10.3286,VE
-63.4167,10.5,VE
-71.145,8.5983,VE
-66.6167,10.4667,VE
-72.2214,7.8236,VE
-67.5958,10.2469,VE
-71.6422,10.6286,VE
-66,8,VE
-66,9.2167,VE
-66,8,VE
-66,8,VE
106,16,VN
106,16,VN
106,16,VN
105.8516,21.0313,VN
106,16,VN
106,16,VN
106.0667,20.65,VN
106,16,VN
108.2215,16.0685,VN
106.6438,10.8142,VN
106,16,VN
106,16,VN
106,16,VN
106,16,VN
106,16,VN
106,16,VN
107.08,20.9511,VN
106,16,VN
106,16,VN
106,16,VN
106,16,VN
106,16,VN
106,16,VN
106,16,VN
106.6438,10.8142,VN
107.0667,10.35,VN
106,16,VN
106,16,VN
106,16,VN
106,16,VN
106,16,VN
106,16,VN
105.8516,21.0313,VN
106.6438,10.8142,VN
106,16,VN
108.335,15.8794,VN
106,16,VN
105.7833,10.0333,VN
106,16,VN
105.8516,21.0313,VN
107.0667,10.35,VN
106.6438,10.8142,VN
106,16,VN
108.2215,16.0685,VN
106,16,VN
106.6438,10.8142,VN
106,16,VN
106.3833,10.2333,VN
49.1314,14.53,YE
48,15,YE
45.282,-12.7949,YT
24,-29,ZA
28.0583,-26.2309,ZA
28.0583,-26.2309,ZA
28.0583,-26.2309,ZA
24,-29,ZA
28.25,-26.1,ZA
18.4259,-33.9258,ZA
24,-29,ZA
24,-29,ZA
23.4333,-27.45,ZA
24,-29,ZA
28.0585,-26.2308,ZA
28.0583,-26.2309,ZA
24,-29,ZA
28.0167,-26.5667,ZA
27.8167,-26.7,ZA
27.8167,-26.7,ZA
28.1443,-25.757,ZA
24,-29,ZA
27.7667,-26.1,ZA
30,-15,ZM
